mood,stress,sleep,work_hours,had_meeting_today,meeting_count_last_7d,screen_time_last_7d,mean_mood_last_7d,mean_stress_last_7d,mean_sleep_last_7d,mean_work_hours_last_7d,burnout_level
7,1,10,7,0,1,3012,6.504817774509932,8.413717491557204,7.567934604163131,8.68073626625914,0
4,8,6,8,0,3,949,3.661728063355186,1.7674150745050965,7.619171757379148,3.28849907645131,1
8,4,7,5,1,1,3939,3.3016933139347033,8.795653379821266,1.720164427819114,10.151583073182401,0
5,4,9,11,0,0,3101,3.9467886286010323,5.492678058399974,4.235181596685492,5.1300684445603935,0
7,5,1,4,1,6,44,2.481584619128544,3.6688383065823578,8.725324660476925,3.266886510072536,1
10,8,7,5,1,10,1810,2.630546657650181,3.3860192537363387,3.0934347593388036,4.60992909544155,1
3,5,8,10,1,10,470,8.11621991710151,4.888095030373264,2.039552795408196,10.031225880198095,1
7,8,3,1,1,14,2081,4.462593188567005,9.991445482932805,3.934954509749141,1.78359858693462,1
8,10,4,3,1,11,2700,4.923956625135272,2.982946540938243,2.9839409640335255,5.47390489343787,1
5,1,10,2,1,7,3498,6.3464451901013,1.9289498399109966,9.327593753138396,5.908291134353876,0
4,10,6,12,0,5,829,6.306881456363929,6.265316518467957,8.81169977801918,0.4395563711858328,2
8,9,10,6,0,3,1909,1.6063918436973315,5.396882197962314,5.497149072546137,2.348952354577984,1
8,6,7,8,0,13,2268,8.48386707703899,5.7177664395697665,1.552094870354812,9.920909142910277,1
3,3,4,4,1,5,1891,2.595938979015455,7.0024187580149535,7.431061114838407,9.969208663137128,0
6,8,8,5,0,2,2581,7.50764472444702,3.404296628835844,6.610705582026381,3.5089810066109757,1
5,9,5,9,1,11,691,7.954038893153499,9.195984958454996,9.734992036556463,10.498766815175115,1
2,6,1,11,1,7,1390,7.434095806821823,4.921048595100613,6.030579162433392,9.261395268820173,1
8,7,4,11,1,9,931,6.210798818987307,2.161775756282156,4.0275435106261845,5.014889805544913,1
6,1,3,1,0,13,840,1.1314809739799458,7.680688810605499,5.671195242207002,8.980876132860454,0
2,5,9,2,1,12,3814,4.2433794312685365,6.787939173560653,9.813369622640646,11.536015574337675,0
5,5,8,2,1,12,3058,6.4435548642632305,3.841690622356334,7.267261892797275,5.507636616784186,0
1,10,1,11,0,1,1938,4.487061663302848,6.593668516306437,7.04778524134346,2.8611261474418037,2
10,4,6,11,0,4,1573,8.771319054215319,2.9787576073207918,3.1661343075329684,11.30179800060187,1
6,6,9,8,1,0,2629,3.779220478146538,5.003554234064766,7.692422658045559,7.2449314627590775,0
9,7,7,6,1,5,3187,3.641813132127944,9.094712699505926,7.752446465245946,1.2631819497651033,1
1,9,4,7,0,1,2286,3.3939792378339217,2.2018080984467447,3.8556008539831477,6.872193790280273,1
10,1,1,10,0,3,3406,3.9950278206471594,4.480268049887158,5.353424491516419,6.006970673379584,1
3,6,2,9,0,5,2488,6.016644678827685,8.390281822483125,3.6514299964641044,10.26706672890676,1
7,7,5,10,1,9,147,7.363137648453317,9.725418094655604,3.3283456329185803,6.368342277162256,1
4,3,5,8,0,10,1032,6.963111259649066,5.085335227796163,1.2330646322453664,3.0627892121314013,0
9,8,8,5,0,7,1311,8.269460379833315,5.562996581290127,3.566905701879989,8.107728766378662,1
3,5,6,3,0,11,387,8.973225959476824,6.149547656053928,5.985729548904474,6.510905430426962,0
5,9,8,11,1,7,3121,8.34471138109016,9.391133274703398,1.0144106879412593,2.7965355392024693,1
3,5,2,0,0,10,1873,1.1705086303691912,8.723861118793268,3.548971754287007,6.8835342953148935,1
7,9,3,7,0,5,3588,7.623261581967899,2.535410121594799,8.932692990909251,9.858426934676233,1
5,10,6,6,0,3,915,2.8755961625649844,4.930820360623676,6.3428372659662475,0.34285101268812523,1
9,4,10,1,0,7,1878,2.1963523843718438,5.176003853767837,6.470765416728824,7.57021246374134,0
7,9,3,7,0,12,2685,6.74639906319222,8.10186500483881,4.630278745237179,4.195022349412705,1
2,5,6,11,1,7,3658,3.877688758669254,6.426035943448918,7.0882492914316995,3.51205734911309,1
4,10,6,4,1,9,3748,1.5140544703339893,6.8879841582611165,2.709394896073232,4.711053004333335,1
9,9,2,6,1,13,277,2.238667609585252,9.983799168990558,8.368721293457725,4.1042719709757804,2
2,3,7,3,0,0,1977,1.0083647518296495,1.6746403912301175,2.0502020794230984,9.986869280501299,0
10,4,2,4,1,3,1859,9.129012646102366,3.007088411803597,6.9040121918779835,3.2975737292148066,1
9,9,6,7,1,3,3036,1.2215618545711473,4.671063436343921,4.070343932377147,8.797836277279025,1
10,10,1,0,1,6,3371,2.8851019255855994,4.130041627439985,7.727616735242291,1.1287178427430646,1
5,6,3,0,0,13,1825,4.746365026191166,1.1948100521228522,5.94788096139418,11.416756469812986,0
2,2,2,3,0,13,2636,4.209141933557372,1.8259984582405826,5.0711773463084455,7.4677996469826216,0
4,7,7,2,1,10,1833,9.20553289221498,7.128579622632186,2.524801618839223,8.480622924534721,0
7,2,4,12,1,6,2696,1.362600511610879,8.913920170263046,6.731393178559175,3.576471985133412,1
8,2,8,9,0,12,617,5.609932369093464,5.628043101393798,9.772928590783717,4.945158824497375,0
3,1,6,11,0,10,1630,7.124315162719366,5.852719715622697,8.430430824163135,2.685340635251715,0
1,3,10,1,1,14,2182,9.38528176313052,3.2958408954914145,1.540073733301106,11.190433029626687,0
4,6,4,11,0,7,579,6.58334126911349,7.910887272703402,4.386064405250719,5.857253365216533,1
2,8,5,2,1,10,1170,8.233797124105864,7.766151286305307,9.330247082712447,7.56537738789588,1
8,9,9,10,0,4,489,1.7535244406081356,6.29529120295891,5.527393728013193,8.811264366368585,1
4,7,7,10,1,6,2525,4.473455598432347,2.9139785786020855,6.959006432273613,4.4532730931944675,1
2,4,10,10,1,7,1182,4.365524210311607,1.8731639641338051,9.213394110322515,8.641219854469695,0
6,6,9,0,0,14,383,8.97659394810146,1.5781471827141331,8.864152213778926,8.111909877076082,0
6,5,7,0,1,8,162,2.3623405413694742,6.3342645997859,5.516383379864599,8.467912006487358,0
10,8,1,5,1,2,2488,2.3669755510296726,8.4253178722852,4.938816723918419,5.870758802455354,1
4,1,8,4,1,2,1876,3.957023348972186,8.724973886028323,4.057233566316284,4.595248587499405,0
6,1,4,7,0,3,1212,1.4901944263015383,5.172598669091048,7.47117498846602,2.664986258507878,0
2,6,3,1,0,4,2462,2.6421223658724102,8.058441693760452,3.5828811952438895,9.895516233610715,1
10,10,7,3,0,9,1362,9.686886746911616,9.521921767069212,3.2489884578781014,7.300200558380144,1
2,2,3,7,1,0,1630,4.853655458804555,3.476531012392612,4.206249051434021,5.33222635316994,0
10,5,8,11,0,14,1204,6.688172875801928,4.581643117426815,2.594935511909128,11.327950880527336,1
4,1,6,5,1,14,287,7.535001334101732,9.383310933370126,7.256078343511906,0.5740657500844657,0
8,7,5,0,1,6,1857,4.302652663064804,4.044078705855563,6.54616584397551,10.202063342460571,0
7,1,4,3,0,8,186,2.3250436696946526,9.224886612896167,5.345906807042592,11.97099111535167,0
9,4,8,0,0,7,1907,2.8592291459960273,9.829403760290191,4.512932013353992,10.643305330594409,0
8,9,8,12,1,14,1161,3.819398289225493,6.956296557169822,9.181562886070584,9.725239027387502,1
5,1,1,1,1,14,129,6.724615783170031,8.352012605537514,1.2621140649019476,4.491671920875896,0
2,4,9,4,0,4,2241,4.58452494180149,7.745910077989767,7.9219696915656925,2.775770187147522,0
5,6,5,7,0,13,2363,1.0613322811011532,7.295808318539714,9.117186145739998,8.818206245995214,1
8,6,4,7,0,13,3856,5.710664665607247,3.762379656831093,5.017191214869333,3.654904395462821,1
10,8,6,10,1,3,1887,9.29362052716676,1.5138490411714933,5.956214423235821,2.112476185859648,1
9,1,6,2,1,11,143,8.308698499078112,4.087465592676855,9.500173190938341,9.438310645243096,0
9,7,2,10,1,6,15,8.42690234133668,7.0024238668351595,2.91049763756963,3.7505238268406664,1
1,1,8,12,1,4,3373,8.155522158455181,1.9227627840502124,5.681213630062164,10.973300753848061,0
9,7,7,3,1,6,2470,3.913577430493813,1.1072618468041788,5.272490144153916,10.087591737829502,0
7,3,1,9,0,11,244,7.886744503789528,2.257231353426448,3.3255338308333307,10.171683954111062,1
9,8,5,10,0,0,926,2.288452220300737,7.441623337697158,8.367339073357972,9.258836712669915,1
8,3,6,5,1,0,3178,6.919445325483582,9.755143314907995,9.096405352869123,10.57057708529684,0
1,1,4,10,1,9,3159,6.77411710016495,9.847582296533384,8.037393218093879,9.668962706137442,1
8,8,2,10,0,13,2176,1.2301281918076121,5.445812342261691,2.7582306476374754,7.230136362896744,2
8,3,4,9,0,12,906,8.091731202318385,8.824170708931128,1.780737719512434,3.549872622982358,1
3,2,1,2,0,2,886,9.129232945856176,7.631438101763536,6.449000367748081,10.658510318569789,0
1,1,7,1,0,13,340,3.406737506248969,5.509362132861431,1.5138528445889554,10.087243473278303,0
8,3,2,5,1,10,2051,8.311516517675358,6.154844796595781,7.055432997022758,5.67455186652654,1
3,2,2,10,0,1,3398,1.741653746757534,2.2350443195518395,5.773817982945184,0.46894423202346225,1
3,2,9,12,1,1,1433,6.399710724349594,9.438953145549329,6.965071594692972,7.662524728822961,0
1,6,5,4,0,6,3950,5.370821788008494,4.1673679365859915,6.311536962847696,0.6071622441189808,1
5,1,2,9,0,11,305,5.913311799781,5.0153433081145256,4.8043231257445544,11.115359542180887,1
10,2,9,4,0,9,907,9.335846816959105,7.044942078981089,2.8078946212620544,11.539575079503685,0
7,6,9,9,1,1,2654,8.841837225221681,4.0051222437389855,3.7513192222943967,2.2738817507952507,0
10,3,1,12,1,10,3792,8.065752915157812,3.2883324489003747,5.720505167970788,8.11667253665892,1
9,4,3,4,0,3,3296,3.463286119105339,6.6794445394319855,6.866812842828453,1.1072280547531532,1
7,1,4,9,1,1,1371,9.206367658174825,1.224856740536645,8.015347151960757,8.754203142877465,0
9,8,7,11,1,5,3039,1.8775692321748774,7.48652600824011,7.904536466041547,4.1674519938320955,1
8,7,10,4,0,7,320,8.67996294902909,5.626210328888588,9.754198689349767,8.172601340765343,0
2,7,4,2,0,9,558,3.9534406511824702,6.45178357468841,3.572573037970685,4.474518110426134,1
1,3,2,6,1,3,1204,1.4839508049578503,6.686921433221966,1.6399963739209311,1.746810117998829,1
7,10,7,5,1,14,2665,7.0242128581667345,5.7434514084330734,4.110912419876733,4.873319766030694,1
7,10,6,3,1,4,2758,3.081519354843599,6.242803996966623,7.68965027701669,1.3520823196174803,1
8,3,3,1,0,3,1409,3.192140132781687,7.154093808008871,4.9430048592996565,6.92259929972335,0
5,2,6,11,0,2,1641,3.7544244960589435,7.778069624617068,8.360095875304776,0.4914183857937573,0
3,1,6,8,1,4,3863,1.5731629075226505,7.547071521575084,5.943937286674135,6.327836155198316,0
8,7,5,0,0,13,3843,2.594144297784286,8.826548119590356,9.368125503674527,10.63642376514649,1
6,7,4,12,0,8,1131,1.0462566482700426,2.7049908985066247,9.530770977991619,10.054479241432354,1
3,2,10,12,1,7,2578,5.008685689952081,4.610331725426178,1.6237405541687384,10.593380395517961,0
1,7,1,10,1,7,2457,1.7582983967617416,9.530164594130113,5.107720957411819,11.064585625525288,2
3,8,10,3,0,7,3367,7.143873445397791,4.569315169476967,6.4872015512461125,1.2543346545083307,0
5,1,6,0,0,11,817,3.1206056607248356,2.123830692153304,3.302852867309915,1.5449664345085568,0
3,9,2,12,1,7,1194,9.492167296316595,5.729006137259616,4.663691014410822,6.684081675757543,2
1,7,3,5,0,6,3402,8.841264646587874,1.9854187529901595,7.099133870059284,10.72767202109315,1
5,3,8,3,0,7,2540,3.6049680547138743,2.825679148550787,3.040608042085253,11.692193478288369,0
10,8,10,4,1,10,3266,8.048939091910109,9.98486880913861,6.417832176770072,0.5551430080799995,0
7,7,6,4,1,13,11,8.229204141983256,5.872263745565188,7.277030453478755,4.269289010407922,1
7,8,3,8,0,7,194,9.879068027029694,3.5565255013638613,1.8144667998628008,2.5547310559199214,1
9,6,7,0,0,12,2537,6.380559881611164,9.952974591165155,5.477763844247075,9.071590187174976,0
10,9,4,12,0,13,2842,1.7376916117929597,9.699030266996289,3.367720269317717,7.682326422444383,2
10,5,9,1,1,7,2928,6.821535060337428,4.966651369758372,7.519477203982401,1.438656377806145,0
3,3,5,12,0,11,2229,6.624817735384317,3.343627979091176,2.7059995768324643,5.8022648083796575,1
7,3,3,5,0,9,3009,6.745155196783886,8.545596742829709,9.030141239842958,8.225286268455497,1
1,1,2,4,1,6,3888,3.7643108329379036,7.4405864527460714,4.878472028664942,9.348064727088452,0
4,8,2,10,1,11,655,8.737116265722996,7.182472915031593,2.782027272767982,0.24063251740810232,2
4,2,3,6,0,0,1921,9.635249646598707,9.038023671902254,4.942196167152964,10.685634887806678,1
5,3,2,2,1,3,3387,2.959412616803364,7.2047542048419215,4.678693865276751,6.831376595406294,0
7,8,4,2,1,12,2741,1.7933694232298,3.5541814873739423,4.860270635443392,9.742909379518856,1
7,8,2,9,0,12,2077,2.7508152985163568,7.244768456881591,6.270051641477022,9.6952563601714,2
4,4,10,1,1,3,1619,8.38496925330147,3.7523216015529757,5.6905635242218375,2.2782319232516297,0
7,4,9,12,1,4,3749,7.089801713378628,7.833150816912956,2.3479941851281243,1.3220654430435972,1
3,5,2,2,0,9,3867,6.7244260810521395,6.577730690424094,1.5902116538197268,8.65544722768592,1
6,6,9,9,1,5,3864,4.6161382159848205,1.6967039678627551,7.564739038538865,1.877123025859429,0
2,5,6,0,0,3,1119,6.200451743602922,5.615518261916279,6.037456923354821,10.199249896856685,0
10,7,1,4,0,14,3452,3.7708671274693066,4.089708722761668,4.231006912713374,8.714273806345261,1
9,2,4,11,1,1,777,5.294800714761651,3.957135694590648,8.275220402482665,10.101904372383151,1
5,7,1,4,1,5,443,8.137567255335902,6.420306721395315,4.4925262683486125,3.588152155312153,1
6,10,6,11,1,14,297,9.83117437709916,3.900923420224824,8.163685806405468,3.7991767249268285,1
4,7,4,10,0,7,807,9.392400312308217,7.992043733843854,3.751805147611372,8.054658676155812,1
10,1,3,6,1,14,1760,9.404793485616239,1.63712292410057,1.6556076779067976,0.37735146070737047,0
7,7,3,3,0,7,844,4.620013613624011,6.943494271562429,9.393757244199362,8.717960956049073,1
9,5,9,2,1,6,1015,5.219108924561119,8.282753232910672,4.550960163532358,10.029396850255214,0
7,3,6,0,1,5,1384,7.3507185673208335,7.055485209283871,8.1342331556444,4.981963039249248,0
1,3,9,11,1,1,1397,9.299727352461558,5.4750627551799615,3.51229719900074,9.178545961061625,0
1,4,5,7,0,14,553,2.277948334168762,9.552763123625631,6.8172860091129035,2.0953310037871433,1
9,2,2,12,1,6,2350,3.738176774444762,3.699446408182572,8.859797859319555,3.867124725833816,1
9,2,8,2,1,10,420,2.2532216013469855,1.1725109877248001,1.374796201059823,11.691659557325728,0
4,1,5,12,0,11,1269,6.508076769635098,4.887904343170968,8.475721882174803,11.835938082721515,0
9,5,2,1,0,13,3791,3.756708971987838,1.2971074231029451,6.141997044747358,6.151260636259056,0
3,4,4,10,1,13,1260,3.934970672613161,9.585430772737679,6.4672457851771235,11.211237497566522,1
7,10,9,3,1,4,3605,1.638243635391813,2.8892624117324637,5.708422007253843,6.272768136682255,1
6,2,4,2,1,5,184,4.148164556268327,8.100343215539915,8.870275929552783,3.4990575379338877,0
8,3,4,12,0,9,467,8.762468566614269,7.971148748569284,1.390900215120737,3.202791457185262,1
9,7,2,0,0,7,2801,3.0976553070175146,2.959560097146402,3.349255523822633,11.154068464417787,1
5,7,6,2,0,13,2410,7.256687195890591,6.591038774321506,8.881862849732398,2.0693566676863093,1
1,4,2,11,0,7,1306,6.666655104447334,1.432710716378052,7.771111322787604,6.955589498421818,1
3,5,7,1,1,2,1576,8.771361475322038,5.352171271334807,1.1588064416074526,6.666300816752635,0
10,5,3,7,0,11,335,2.1905915288593443,1.1318241454523807,5.653056548887378,8.87546021583594,1
8,6,3,5,0,11,2209,9.798309643105389,9.290294921627577,5.766154126414073,5.990914890297297,1
6,9,5,8,0,13,3231,6.24365781436329,9.784774217796144,4.607939216151193,3.2674279284976104,1
8,2,3,7,1,6,1497,9.95926737112133,3.0005448997472675,3.6765399885579075,2.0327579955789425,0
9,5,2,9,1,0,3672,9.203632532792657,2.872954311367355,7.135523653711079,7.449825642070701,1
4,3,10,2,0,0,3393,2.993655449017952,7.783481589059167,2.8701141823427845,8.627889082238797,0
1,4,9,4,0,6,2059,1.505458089129818,3.2804145894640104,8.190537058645354,6.834255344184392,0
1,10,2,6,1,14,1447,3.300751844158254,9.055689032456606,8.227334446907246,8.860215325454337,2
10,6,2,4,1,14,3144,5.748072840994779,6.16536222510684,4.737352938155385,1.6982544293995216,1
4,8,8,7,1,9,587,2.54436730358671,4.1569986070928096,3.5519320981868288,10.589642339317626,1
7,1,9,11,1,8,1881,2.5071377006618967,8.49424371714478,3.554903634316419,6.988746100902037,0
2,10,7,4,1,6,200,5.163341923946378,5.4406603037205565,5.340621915965891,1.522127122711166,1
3,8,3,0,1,9,521,1.2994117405242258,9.20469622337628,7.476213022744229,5.543102450468821,1
1,7,9,4,1,4,1887,2.0969927427904342,9.352128130564429,4.229818218944729,10.137500854390938,0
5,1,3,3,1,7,2552,4.742752054671528,2.488781369155684,6.4903901091197636,10.770746321437922,0
1,2,5,5,0,1,3809,1.5681691828716982,1.0209106551873726,4.442360145243349,3.175794059985138,0
8,3,9,2,0,8,1711,4.5707955080997635,9.85537846128162,3.7407087023624497,8.535189896525438,0
1,1,3,10,0,5,787,5.266056393536005,9.155237825147314,1.2237356432421476,1.1998229698053202,1
1,9,7,4,0,12,3110,5.06139952665803,1.4990071213345728,1.0352269516185157,0.40255045694589375,1
2,8,1,1,0,8,59,8.822573716627787,8.497308375469629,3.0448691004880404,6.724787445839313,1
2,2,4,10,0,1,577,5.770562095465592,5.120244393032859,4.657656581208959,8.33793095193751,1
6,9,4,5,1,2,320,5.21182416230239,3.330654445224777,8.661350506258543,9.549440774118024,1
7,7,7,12,1,11,1458,4.6963832085249955,8.90871871309237,8.186358186373829,4.082594861464016,1
5,9,8,11,0,7,3707,8.358610404740375,2.770005091512765,3.404487363291909,0.07830492514664389,1
1,6,1,5,0,0,3747,9.055509435998498,9.525699994780602,3.200863986858694,5.754230845336245,1
1,6,5,4,1,14,3479,8.679182222774058,2.85059338929407,3.0458986396302468,0.19024254448280375,0
3,4,7,5,1,9,2037,7.0619192031825175,6.523148689558692,4.053136064759803,1.1038141280495992,0
2,10,4,10,1,14,922,2.236255713718068,3.0077770107607735,5.483788476055168,3.9202682703809804,2
5,10,4,6,0,14,1409,3.4918297254281105,5.911017984717713,4.948009948284179,5.246064594722126,1
10,2,4,11,1,14,1694,1.414567573137797,7.155776169236272,2.964458789033444,3.3536332947557828,1
6,7,6,4,0,6,568,9.377416674911027,2.712051377381238,2.1740626894925623,6.982383198056494,1
7,5,7,0,0,6,1101,6.947186767218193,5.687972044306113,1.1132003123757586,0.6641974706171423,0
4,6,2,7,1,12,3265,7.717265958819174,5.221537699511071,2.385669147998535,1.7349565228750166,1
7,2,5,3,1,0,3356,3.8041456562400606,1.639336792630071,7.348207331747064,8.343100809065202,0
8,5,4,8,0,8,526,8.610881700496082,8.364770359077726,3.1927471241102463,1.7056902431750127,1
1,10,3,9,1,7,2571,3.3364295533763064,4.021141605785576,5.217416291093588,7.67730241884507,2
6,4,7,11,1,3,2660,1.0147938140120472,6.171239777966916,6.3217103403092025,0.6562154490403866,1
8,9,6,5,0,9,3227,4.3877346626862455,5.63305811439821,8.981568125484465,4.8885873494296845,1
5,6,7,0,1,10,3411,6.136853328631661,5.61934454113398,8.999695885540774,2.1289136414541883,0
4,2,5,2,0,4,2172,5.3083437216897025,1.965001547876387,7.711603603132231,1.315635390422237,0
2,1,6,2,0,1,870,8.758685283189372,4.811338083243995,1.3164129284365127,6.80439340201473,0
6,5,5,9,1,12,279,1.9486475736055024,5.071300832859132,6.175633771768734,11.140029264067461,1
6,9,7,11,0,8,2964,5.98441096570353,7.602785563280037,8.079251237483557,0.6574445750825859,1
1,6,2,11,0,14,3977,5.616814148388167,8.560169487286286,1.1555924028702689,5.058650978616411,1
9,10,5,3,1,11,2669,3.532536839549467,5.904840502900162,5.947161522909204,8.490425252945325,1
6,7,6,5,1,11,2893,8.400053013193094,1.7810465865849143,8.719877312074265,5.552253980253925,1
3,5,6,6,1,5,1892,7.775637902939857,3.131645235368916,5.266918682580402,9.677951353262943,0
4,10,5,9,0,2,3729,7.595732685986479,2.48440624167458,1.036955826077036,2.15574379036958,1
4,6,10,3,0,11,1751,8.885732304426003,2.1215355687021225,1.0991202250204672,11.515130460332886,0
3,5,7,5,1,6,3981,7.505061405593691,4.293093687560268,4.749724336723755,4.621951533270487,0
10,9,10,10,0,8,673,3.086571625432538,3.0645415193894383,2.395078006750791,4.098835595331302,1
3,6,8,0,1,2,1151,7.3500644048472195,2.9647280063036106,6.980055913839336,10.495269534037991,0
3,8,7,7,1,1,2361,3.7693253205085946,1.4922385711864088,7.379193384155386,6.766404382701198,1
4,2,5,6,0,6,331,3.179571853127235,1.159030403158905,2.6009181591456576,6.197332102833858,0
7,9,1,10,1,6,1173,1.657032336096646,1.9249141838480361,8.996799596720365,8.723735034341171,2
4,5,5,10,0,3,2039,7.69625722312909,2.5497773148126974,4.977170604810333,6.9580108593730845,1
9,7,10,8,0,10,1477,7.3990086575483005,4.8788535596338285,2.2856131683273135,1.950187737085384,0
1,10,2,2,1,8,35,3.1104952990668435,5.594682351689602,7.878264382624559,8.090371474379156,1
8,1,5,1,0,13,1708,7.744411150517403,2.26532726356029,8.109770500150955,1.6016265513855417,0
7,10,5,0,1,7,1443,9.260567947841977,4.823050073717677,6.753659253989118,9.670292464008744,1
2,5,2,2,0,12,3093,1.9722606174242134,4.075739580933345,8.681189978822978,11.876839172547252,1
8,10,5,4,0,12,2253,3.0937297454809745,2.6508127914816044,7.636356748276042,4.5286514996973155,1
1,2,4,10,0,0,2686,7.75234714678584,1.061566733335272,8.939851635042915,5.337070778424151,0
9,6,1,1,1,0,2895,3.4705600615637042,5.203160798695675,4.904992436369315,0.5572038657937477,1
9,1,3,11,0,4,1379,6.621975768553451,7.170865743386794,7.7283741528949825,0.16479825699093942,1
2,3,1,2,1,5,439,1.7304780201734307,3.036496007294263,9.997764070861399,11.057032018515931,0
7,5,5,3,0,2,2776,5.069822311931849,2.1862614690701143,7.524380777676573,1.5434887252703047,0
10,4,4,6,0,12,1119,7.651822797936577,8.983384700022658,2.0276540221341897,5.349344970713644,1
3,3,7,12,1,8,2988,7.178625487389272,3.47522295239018,5.664868501862647,9.784255486266737,0
7,10,5,2,1,11,163,8.335648906082262,3.012513578133983,6.286130121187251,10.671825119139834,1
10,5,10,8,1,9,147,8.89706913942852,8.713872456489241,2.567896075642519,6.232772223401612,0
9,8,4,7,1,13,3601,7.958651511328824,8.35396389250085,9.666024707602338,6.780390299711398,1
4,4,2,3,1,14,2341,7.044289686450334,5.035118234721702,2.5802179987115466,8.03620766955927,1
1,1,4,12,0,5,194,1.2855024263442805,5.403149752849971,2.598021277419005,11.536589641724582,1
2,7,2,0,0,3,662,5.814700060684997,2.959738343506198,9.236504241770994,7.2320395313340615,1
1,8,8,0,1,11,479,1.339279524233675,1.7047150343160173,5.18684889809504,6.713703113476155,0
5,3,3,0,0,6,3948,8.272610354044204,6.16088642820095,1.5686945134706458,0.17440962319188813,0
5,6,9,0,0,7,122,3.886520720139618,1.885104294311918,6.383687499446758,0.9713964242682729,0
7,2,4,7,0,8,1423,6.061864367061288,5.043470922609848,6.4164371376974305,6.926059519487955,0
9,7,6,2,1,12,2746,3.5150077658701235,9.464474786617096,1.5805068281790562,11.23488465368644,1
9,8,10,5,0,10,964,8.042501299422643,9.57550950253526,9.752702460702958,10.40029618079274,1
3,6,5,2,0,5,3523,8.978522739777123,3.1539905789262273,5.896269687651181,11.790947075906455,0
3,6,10,10,0,14,2708,4.587782447917576,6.61702078041089,6.038161499617878,6.334008450735288,1
3,5,1,4,1,5,3175,8.766301541598901,5.266686376970719,5.681038730521551,9.455171261253202,1
4,8,9,12,0,7,1778,3.4036750671069917,8.881166148274954,6.49658601680158,10.084803977872085,1
8,1,1,12,0,11,1485,5.811948307679715,3.442877778484479,3.3786977749637943,7.776379887970341,1
6,10,8,6,1,4,3814,8.728852868548335,1.0333216614917515,3.585172131773567,4.064998850574087,1
8,4,9,1,1,13,2014,3.9329320835421133,2.463050853382736,5.602051808165195,5.639741215893533,0
1,4,9,5,0,2,3789,9.586380385702771,4.145705210524582,8.260172692872217,10.295004866922813,0
8,3,1,12,0,11,709,2.0969155160324524,3.8414901679343973,1.4487811884476098,3.5825751117859674,1
4,3,2,5,1,2,2443,1.164475627511556,8.122266272105973,6.430637909982214,11.084917575199782,1
1,4,1,10,1,12,911,9.137218173203715,7.125045995249541,8.261003282556825,2.757676097071981,1
8,1,10,2,1,5,1360,1.6178379953308502,3.6960068765340752,2.4122554483350447,8.994196981881368,0
4,2,2,5,1,1,3052,9.927002763527426,5.119694354495921,1.1352028778250967,7.566710812148861,0
6,9,10,9,1,5,3670,9.562571757811956,1.860031935625017,3.8144196562731225,8.995193293449148,1
8,10,8,9,1,12,3213,2.233188190326886,9.083318003380906,6.293293360566383,5.248170869191138,1
4,2,5,4,1,5,2364,5.838261631233093,9.418823420036807,2.2445485606427296,11.191692750647816,0
3,5,7,11,0,7,1734,2.664282677204299,9.818231818428442,4.83510133875237,7.589666428937729,1
9,9,2,1,1,6,3629,4.853396557271079,8.816975477072539,5.970893476368501,3.4595496546510756,1
3,9,8,8,1,7,1823,1.552826163338494,2.5656479892660298,6.389947852815855,7.661460847825724,1
9,8,6,7,0,13,3598,3.0153212901693056,1.4157683488146595,3.4697054890033763,3.441788966484374,1
2,1,8,2,1,8,1579,4.269455167590095,6.2163705467140655,4.600266723876622,3.5235887011184905,0
2,1,1,7,1,5,3472,4.947827502214493,9.213445241947994,8.005053061608027,4.795182139450414,1
2,9,1,8,0,13,680,9.79746632388004,2.5961622549376857,9.47093224708617,10.229165010829428,2
6,8,7,2,1,2,1333,8.27079081115583,1.0633862316172769,8.756922980064315,6.003574492727903,0
3,10,8,2,0,9,2542,7.636689498807516,8.249464414290198,6.078551515600887,8.146810106762489,1
9,9,3,1,0,2,555,5.833371832677768,1.6911611585806061,4.6926352264955185,4.703612883293556,1
4,7,5,7,0,10,609,8.559979845439091,4.723354287190274,3.9966095293427637,3.1632652776825774,1
1,3,1,9,0,11,3844,4.0539055209014,7.109986034699065,2.1246090947561624,11.455681928594776,1
4,3,7,0,1,0,2156,7.380092014959844,3.131178269105621,1.9589612249450168,7.242974965476751,0
1,2,5,7,0,10,3866,9.944055778403548,1.7556630710205403,7.195218624222919,11.20741606299262,0
5,5,8,6,0,14,371,3.8316601804167894,7.930191056102458,3.3381497455404436,2.4409560263797805,0
4,3,8,6,1,12,2902,7.066157813955706,6.671575763983373,3.2919551778920213,1.762729966955193,0
8,6,9,2,0,14,615,8.598833777371443,9.896414360381243,9.983755490300071,10.269874885486843,0
8,2,7,0,0,4,2815,9.24226825015605,4.098772299879633,2.6913336208641585,8.171006551407018,0
7,3,1,3,0,13,1914,7.461394218460916,1.5558614766117973,2.332537835399467,2.238941991043696,0
3,5,3,8,0,3,2253,3.5524713107542265,7.609150318017662,1.8881670498392855,3.232316407962453,1
1,1,8,4,1,8,846,3.9365393641205184,5.695600769679211,6.218248106501165,9.607967298303734,0
1,1,3,0,0,14,42,1.1868222891156779,2.9188353825022157,6.650774434018913,5.446423439951233,0
3,10,8,4,1,8,864,7.847973799043587,8.035560901042835,4.287051336311937,8.046486078073091,1
6,9,1,12,1,14,1268,1.3846564545575624,2.8337993726494934,5.81872001960321,3.8202242656321306,2
7,7,5,7,0,13,3358,8.781871191424711,3.345954893496429,8.095595778504213,4.574759433298521,1
6,1,4,7,0,4,1378,2.0679455302708494,1.8327569893004723,8.362937514895735,11.88855070347726,0
6,8,5,4,0,9,784,2.546888609223318,4.59489051127769,9.621208681440834,2.9714050460966224,1
6,3,8,11,0,3,475,5.2887382374901355,4.770363015436771,8.418411873305871,6.077476524438168,0
3,8,10,8,1,6,82,7.6409237365186815,5.631056113134686,6.083572930456839,10.132828118286387,1
6,5,4,0,1,14,1133,2.2510198467916993,7.380678404113997,2.616912692531614,2.8706785639902956,0
8,1,4,3,1,5,2237,4.960639675598486,9.154908358123832,1.8978720193255816,4.982565080211968,0
2,7,3,2,0,3,799,5.345661469690943,2.2396068899902777,1.4906070091977328,7.38109544843986,1
5,5,7,1,1,12,935,2.9105707750173218,1.4891328851379135,6.998732486068453,5.77425781770123,0
1,6,3,7,0,12,3980,2.0400253901256855,1.1667811023489996,8.267826298581937,5.514027198843809,1
1,6,3,6,0,14,2298,8.527788306870756,2.2925924026193463,5.578155556156711,4.350116775865484,1
5,8,10,8,0,9,3795,5.52219084786489,6.921545372034633,1.4924275735027595,7.0397559332991015,1
3,9,5,1,0,1,2338,1.1294311238573767,7.54729370196847,5.819235171322044,7.492472375083324,1
4,2,5,3,0,0,1668,8.226831711781934,8.0785514217531,9.421743353720954,7.839474490816351,0
3,9,6,5,1,3,3272,9.827144248731264,3.193373907139084,6.378518718392144,0.8444172948723518,1
1,10,8,10,1,3,3868,6.453335758728226,3.753053319353679,8.284847396165333,7.572410108544586,1
1,9,10,2,0,12,325,5.533375483756637,5.348211810089495,8.201373835525755,11.438846145374793,0
5,10,6,7,1,0,1534,8.905742767404655,1.5686478717420385,9.389161898025876,6.491834826337004,1
6,10,1,2,0,5,3480,9.572651107161388,6.500273708901215,7.93205889084886,8.583204990110932,1
3,7,8,11,0,3,3678,7.790832243122145,9.85361530308182,7.729304626117806,6.680787693110613,1
9,1,8,12,0,0,3861,5.009076367608591,4.247256802402023,3.106923984735765,10.256887423103745,0
5,7,9,12,1,0,1985,6.329992593982964,7.775627275822456,1.5393263978897331,11.154997135170827,1
8,10,9,1,0,14,1964,7.308418285161993,5.500305240126472,5.658395185484269,2.2106387915563115,1
1,5,2,12,0,12,836,2.7484621390162127,2.1503065992434447,2.119907871520797,5.242320438685519,1
5,6,2,12,1,0,507,5.024809289947942,6.240137039223277,9.659762886501921,4.708585211192656,1
3,10,3,2,1,7,2778,8.468391382455565,3.698868415996585,3.6093228636972574,4.862581479591344,1
1,7,1,10,1,9,3672,6.892528136485987,1.309628876081124,8.676497830458638,1.5062901747345108,1
4,5,4,5,0,7,2119,4.700836604906687,6.714367571059694,4.488621626822134,9.76338871176863,1
5,7,4,1,0,1,1270,6.970262806132133,8.73039114392255,3.908748248716397,0.429194916179223,1
7,9,9,7,1,10,640,2.064001708652139,4.102927902098868,9.416427151389591,6.338719292725883,1
1,3,9,0,0,12,3795,4.613478495083887,4.512659924914934,4.269903148776016,7.942540656536295,0
3,8,9,6,1,6,2987,8.138156841667508,9.019195146704904,4.512591177968228,2.4896332567065262,1
2,2,10,1,1,13,1878,2.984579084229832,8.322479320306204,1.9548260165161824,10.870202305185547,0
9,7,7,9,0,7,607,2.6736535680167592,7.434575411965994,7.0340199875425835,10.062590484297516,1
10,2,2,11,0,7,3658,9.557367939247882,3.239173573778331,3.5995547302976214,5.653004753807103,1
6,4,10,5,1,10,1958,2.8890786662760766,9.1919498946998,6.270437510555565,4.933787188081665,0
10,7,5,11,1,9,565,3.3482672168515126,2.389741817852917,6.322165336478886,2.8388151025332005,1
3,3,4,1,1,14,1367,9.726543450139042,6.640934674754996,7.4727972603619035,8.759918695739564,0
8,2,8,1,1,10,3996,7.612377132385231,1.2592106249186683,7.707173375551971,1.5809255955835697,0
8,10,2,9,0,12,2101,7.296368797211754,6.793478256924512,5.6300719096138545,8.162853046125397,2
2,7,6,12,1,6,1753,8.676337454691232,3.4942991668602383,3.978927528430627,10.109483833420963,1
6,1,5,7,1,4,2575,2.0424077401311482,5.04709279465348,8.537058053512606,2.7416589110042846,0
7,8,2,11,1,0,2658,7.353606129220065,4.107380968513478,3.7887908446763623,10.397128834785075,2
2,3,10,1,0,11,3603,5.53319748395415,2.554810806215889,5.567581850223983,0.39987839327410146,0
10,2,1,6,0,8,1581,8.462355762557259,6.597827110844866,4.611273248833552,10.953448624638305,1
2,3,8,2,1,12,1986,5.573275467986749,8.937779996265467,8.695705473727193,1.4203467342155762,0
10,5,2,7,0,6,2240,6.582172188420209,9.631758180541631,4.8872667803124585,7.749110135256391,1
1,8,7,6,0,1,3966,5.299679137595824,2.7311172683852356,4.474892699537358,3.0009896269673018,1
8,10,9,7,0,5,2105,5.303430312002597,7.45635496656676,7.208413236078737,10.038628694035365,1
1,7,9,6,1,1,3508,7.911729802556484,6.979054299451141,6.421969988752984,6.147604330985597,0
9,7,8,10,1,14,3182,6.657097605825549,4.090400106171153,1.9652215014626147,1.6228942949580163,1
6,7,10,5,0,0,128,6.699368814484694,1.1718927941835324,5.573519257095669,6.851898855911742,0
7,8,9,12,1,13,1872,5.052542354483732,7.208121225815795,7.619305494999229,4.894591322363798,1
10,1,2,6,1,6,705,5.779985467037748,9.5094537450355,9.928672881322207,7.937373799357214,0
7,4,6,4,0,12,3996,7.711458995843086,6.689081097240862,6.662321505732872,10.582839417161514,0
10,6,4,6,0,1,851,8.433468272007264,4.917634517688707,4.33263759797186,4.912669574201022,1
3,9,4,0,1,12,3397,7.269052619296415,5.726385047004656,3.0353643982190657,3.478568154406316,1
2,2,5,0,0,13,7,9.316656899611148,2.7966592689392575,8.855472107379882,0.17418113433130555,0
9,1,3,8,1,13,2076,8.382916793324808,7.754897473783638,8.331086909021526,6.898068454318499,0
8,10,1,4,1,1,1135,6.056774108285666,7.717778470088641,3.1053053870144636,4.827297209177202,2
10,2,8,12,0,12,2994,7.042654653793631,2.3096557034868246,2.805688811319161,4.495790628177945,0
7,7,5,4,1,10,3744,9.336774492290765,8.901805442496933,7.43623099130058,2.1952238554105503,1
9,3,3,2,1,4,2178,6.572512398187525,3.4227076552597473,3.834568557268835,5.160664142295292,0
4,10,10,4,0,13,2235,8.423262531818477,9.840304548429534,3.75758918525762,11.81330344300042,1
4,2,7,2,0,4,1698,7.199294532309883,4.446127126335212,2.370612223608897,3.573049844066932,0
1,7,7,8,0,6,2756,5.9674272495441985,2.6009565286104968,3.3757796773884694,7.1964529608972025,1
8,2,1,8,1,0,1498,3.176543758738178,4.16548100211087,4.847568018333846,9.317842575788001,1
3,3,9,5,0,7,3435,4.833977675215853,4.961622958274738,7.59554503545174,8.98989387811838,0
7,7,2,0,0,2,3275,9.70968542350344,1.6237699573446536,4.026772849723748,3.945291449911089,1
2,4,5,6,0,3,2259,6.9198884494534,6.203965431009605,3.9574390553185843,7.330321002202204,0
2,1,5,6,0,14,1644,6.079558423050907,6.378691958820103,3.5642192729719224,10.455176223241887,0
7,5,8,9,1,8,275,9.396609629754046,7.6503740981452495,5.304553007599387,0.18536913279693534,1
6,9,8,9,1,3,3144,6.2786060293370385,1.2625290306166896,2.6257302814718377,5.228812282119692,1
3,8,7,3,0,9,1702,5.7347426657566265,5.871143929904472,5.37067660628913,2.6912810189028633,1
9,9,7,7,1,11,1795,7.833797696351847,1.4761668994359796,7.3375800057522085,4.663587484786067,1
10,10,6,5,0,14,242,7.4139905708789,7.310297979699881,1.2681145362935995,4.9918752957029,1
6,9,6,3,0,4,3858,2.7384400756758946,1.5015518713088603,1.088014422751857,8.960051577439643,1
10,7,9,3,1,6,3173,5.241774471167091,9.205550635074694,1.676106191390583,1.1258624687453178,0
10,4,6,1,1,3,3034,5.252638985376267,7.318743101960469,5.820940555553009,6.151006837590126,0
6,5,2,1,0,13,2732,4.4040206371901025,5.566507885766414,8.69009574866863,6.770337501584944,1
1,1,2,11,0,0,170,5.655641339370278,4.9735353095305745,1.0439601941822674,5.929891242621652,1
4,1,5,3,1,8,652,4.7179665795442975,2.1760536737193616,9.42995174126213,8.78247903675264,0
10,3,4,4,0,3,1932,2.7941094052406483,3.6189945060819677,1.9565066041348222,4.605495070882169,0
6,8,2,7,1,8,2235,4.71129838547213,8.820631945188065,8.577851752524037,11.339604763680914,1
6,2,3,5,0,5,3512,1.6504925281585894,9.140075304062446,5.345692884846521,5.781641310467297,0
5,4,7,3,0,14,1109,6.182072764969704,1.0067293753347797,6.934216485509595,6.854566915377571,0
1,2,8,12,1,0,1499,8.682890940470006,6.347227523297962,5.596146860024642,9.906369880160993,0
8,5,6,10,1,11,2099,7.527583759190997,7.473705481226022,5.293434026614191,3.3028332711734696,1
5,9,5,6,1,2,2158,4.243546360487001,6.568722842118457,8.514094855279524,0.9024243451536296,1
5,1,1,7,1,10,1972,1.7836408501957737,1.735117883797186,7.802977416110347,8.49340774034979,0
7,5,8,1,1,1,2924,2.819344593027437,2.95952408919012,5.350620128707037,5.796142266580544,0
4,9,3,11,1,8,3925,5.909413064453521,3.2530624064324742,2.0047233645645544,10.758051011507938,2
6,1,6,6,1,14,1066,2.8635137504472956,8.485521681745807,2.038626633829673,11.792160584669208,0
4,9,3,1,0,11,2258,5.895758001564707,5.168794926780285,8.21385514647168,4.78931220689675,1
3,8,7,1,0,0,2035,3.0843912228750905,5.381453907471132,5.764515592127801,4.98526819511593,0
7,4,7,7,0,12,3271,8.640314825284655,9.414037418990578,5.334302261974264,4.895551226468717,0
8,10,9,1,1,13,3881,4.575443255564137,6.733772999692439,7.125101572246436,3.8946493167711136,1
4,5,5,10,1,8,857,3.2099556335004196,9.088009313973975,8.729574250728342,9.38024517319677,1
2,5,8,8,1,8,3823,8.310935622223553,5.108579698073797,6.659858299719747,9.107949149888732,0
10,6,10,11,0,7,2674,4.085550683249057,2.3449263266646483,7.865631121118311,5.743738446606298,0
3,7,10,0,1,7,1049,2.0033891905490373,9.369420346666772,7.887434717052613,0.535934596546785,0
1,8,8,8,1,10,3990,6.133685422632775,5.128346041007844,4.206353039136632,3.714711618156881,1
8,8,1,0,0,13,298,6.234077839941898,2.634682796909397,3.4667487607689615,3.5076365586580502,1
3,2,5,9,1,11,3148,7.432261077121607,3.7215616627353003,8.210476604576428,9.7330469544031,0
10,9,3,12,0,0,923,3.16197489887547,1.45722330720048,4.394609126058191,1.0509068809940967,2
7,7,1,9,0,10,136,4.993942051830206,5.2147053231074665,9.130024058704347,9.66810454851245,1
10,4,4,1,1,7,1043,3.541311271383906,8.67815354719213,1.6272162705710767,8.030203826389716,0
5,4,8,5,1,9,2487,1.728583625041193,9.402224104060204,1.5239576086780569,8.78929750956539,0
10,8,3,5,1,13,210,8.889524443143024,9.393419867532794,9.343037440912674,5.186558251020282,1
5,4,10,0,0,2,2799,7.5598282403950705,2.127070230658721,6.8360942276329135,8.156709552021098,0
7,6,2,6,0,10,1574,3.713167535129206,4.438484942599513,4.4163942080349905,7.30834733648299,1
9,5,9,7,0,6,2482,6.394356935847877,1.2540588368563572,7.795543733345645,9.227762342743553,0
5,3,10,1,1,10,779,2.811374093210252,8.696488104743256,7.050941289942771,5.361238013619026,0
1,10,5,7,1,14,1230,9.012129596161937,4.228801858191464,5.780809421376366,5.673907498755629,1
10,2,7,8,1,0,2486,2.034157090257193,6.680053251030113,1.8898600839638622,7.722914672877842,0
10,9,2,5,1,0,1802,1.034534309570208,7.434085942695598,8.309616285634764,1.2969299239966596,1
1,10,9,4,0,9,2713,5.51807377965264,4.868602027688398,8.794208716125622,5.234933380371808,1
2,9,9,11,0,12,1065,6.248150411075824,3.757981028952187,2.549518196973842,11.663410143117666,1
6,1,4,8,0,4,410,6.210687882662239,9.659916191043502,8.654604867793601,0.4506278407205473,0
9,10,4,12,0,4,3594,1.4906073469404366,9.680394025214689,8.90062579914908,3.7920566743967257,2
8,3,6,11,1,7,2853,3.826394262265892,3.6049273122701972,5.944857510596644,3.769317829072449,0
5,8,10,10,1,6,2657,5.492790521571987,5.316625870700123,6.905611326004183,7.601569430829271,1
1,6,10,8,1,7,426,2.949212670645168,9.755597427940202,4.4401358801304225,1.2696043130896788,0
7,5,10,0,0,5,3346,8.853632969373066,1.043815668899529,3.536124827583394,7.542528370546334,0
5,5,6,10,0,5,1471,1.7839836051529063,4.714104235412343,7.497848322564803,1.140482887819433,1
6,6,1,2,1,1,2949,5.3864599750483855,1.9041179471287157,8.756876341142274,1.1394437690199721,1
7,7,9,8,1,5,941,7.222744517618368,5.582421690063423,6.886697976601728,8.738200286261787,1
3,1,2,10,0,4,1907,3.355759901210342,1.2220295908643843,5.604315495818943,3.889622085993556,0
10,9,5,1,1,12,741,6.618166632977664,4.662085882515651,2.430322901597544,11.729075372564974,1
3,3,9,11,0,2,1392,8.46446635128137,2.986291673068016,1.4811284134433635,0.44823523722665914,0
5,4,4,3,0,5,1243,2.713032775855428,5.799775262128668,5.011226112220718,5.3412799646159295,0
6,10,3,3,0,7,1600,9.254985326423766,9.963942841906297,1.4441460732767915,1.3576312520882836,1
9,1,7,1,1,8,3938,5.9820267939612215,8.204824946140729,6.124011687165026,4.216547601097304,0
5,10,6,2,1,0,1255,3.6930880387095453,8.610778824619793,4.444562721859942,11.978669407308606,1
1,3,8,12,0,2,327,4.877724478440436,6.717384886231728,7.814702077137725,10.666110140862381,0
4,2,3,2,1,2,1466,3.8097269540774916,1.374038634450327,3.750836471525651,0.5798929062647629,0
5,2,5,0,0,10,2099,7.526000439399845,2.861179084397297,6.336844308706889,6.759070125908201,0
10,1,10,5,0,7,3957,8.166705970736189,9.325581008023494,5.839151695795905,7.773867657893229,0
10,8,4,7,0,0,1966,8.49643653086795,4.2950180613587605,1.0424118297001703,2.514415487401508,1
5,3,4,11,0,4,375,9.87191424627167,1.9327305383271602,1.651504584378793,1.741266880757403,1
7,3,4,2,1,2,262,8.121558632470151,7.3216482927958175,3.613313912374185,10.85257361598628,0
4,6,10,4,0,1,266,6.412456636197071,3.6951195154082916,8.940115729186886,11.62579729780052,0
1,8,8,0,0,14,2406,4.052982685526054,3.4197122161375453,2.323134594098007,11.902714287835702,0
5,9,6,9,1,7,3388,5.901359038396745,9.981797100024343,7.398048974144874,9.477141284815614,1
7,9,3,6,0,2,3395,1.3696135551136488,8.723250325239889,9.760299095370586,7.962024832863086,1
10,4,10,9,0,6,1944,7.703425679769218,4.67144036531057,8.115107974220397,4.148763026315975,0
10,5,5,12,1,11,3979,5.013599905828916,9.822350870348492,3.1865082551833956,2.0567797478970293,1
6,2,6,0,1,10,3737,1.1802090675896886,6.851019010772923,9.175287343717734,0.9477671923947804,0
5,9,5,11,1,0,1893,1.5625624735936974,7.678202066917843,1.8379644085755107,8.319569622617903,2
4,8,6,10,0,5,1901,4.48719817439581,1.2836173877399042,5.2132774768366215,9.4166809821523,1
2,3,8,8,1,2,2699,6.2507936711659156,2.094447334132514,8.987877169537724,9.91744382945976,0
4,9,7,7,1,7,3634,5.1778355405691405,6.697766138466146,6.771391383311828,10.965180039645583,1
10,3,5,6,0,5,1652,6.572838855629394,9.091215843845355,4.72280108254929,10.559154763660484,0
10,9,10,9,0,11,1444,5.322648329122202,6.613693534788361,3.635315800634519,11.996895267097111,1
3,2,6,6,0,1,45,6.95533460933212,2.206224048870926,4.37589464786515,2.9287681316070153,0
10,10,4,4,0,5,3892,2.972134582037208,2.041840416216922,5.5804760290835755,9.159691382546526,1
1,9,9,4,0,6,599,2.0155886846525926,8.597673062416735,3.8713953688552665,7.037514148497571,1
8,8,4,10,1,4,719,6.367905591630939,2.253721048371229,9.720710758740697,3.1349415894429886,1
5,9,1,12,1,2,1912,5.362205652426767,5.682087644536229,9.397698877595307,11.782863867443314,2
4,5,7,4,1,3,1292,1.2418088864044177,1.3340198796607203,8.836043213928885,10.774777257291026,0
8,2,7,0,0,3,600,4.424336969437323,1.7260279065205963,4.796468519703881,1.5421880213293973,0
7,8,4,7,0,5,380,1.9551302694189594,7.051134408785783,7.22171592401706,0.31390010788103817,1
2,6,3,11,0,9,117,5.782211485774257,7.20263269384765,9.125463763323681,8.259969147992123,1
1,8,8,10,1,0,3637,4.561999116943877,4.073224659475981,8.653865389110353,7.2495675462784215,1
4,5,5,0,1,10,2163,6.5183671999271615,2.9404878871874027,4.7289431261818695,11.229787489333752,0
8,10,10,3,0,3,3701,8.250419968932144,8.323392436815771,2.0114744439003465,2.808063445924438,1
2,2,7,8,1,9,259,3.697018154573417,2.9539290652290133,1.6806732745109452,1.0126553747398446,0
3,6,4,8,0,12,1098,9.658918937485247,5.878243626997417,6.1935764070313235,3.1105840052638376,1
1,5,4,4,1,3,1503,5.8207105052881705,9.71387956776615,6.783651416898385,0.2271316861375614,1
1,5,8,3,1,9,2352,6.5646171887930915,2.3306719407614542,8.648583441373216,0.4307130142671891,0
3,1,8,2,1,0,2054,7.126051359031633,9.46788640745238,3.6326351830692793,10.978293671049116,0
5,2,2,2,0,8,365,7.0005837687183075,2.6460374776180178,2.5072344149503825,4.22419899002254,0
3,8,2,11,1,3,1657,5.598736687405559,6.106988872209066,4.411052498603795,4.929708012116167,2
1,3,3,4,1,6,2570,4.858878620032152,4.393069407628701,4.182176112690476,0.2204598544572529,0
1,10,3,9,0,11,3419,1.484037677596401,9.684357413516434,2.1922205861606927,3.246261362062159,2
8,3,1,0,1,13,1461,1.1987726077106178,3.461878261017432,7.050543872618369,9.656711804897173,0
10,8,3,4,0,2,2024,4.221650750794882,4.5969220187717825,5.578227466564384,7.38589151600063,1
2,8,6,5,0,9,3286,4.002948015703234,9.845741060698785,7.490104805032897,9.045367213036984,1
3,2,8,6,0,11,2476,4.489256393551061,5.8282335206962586,4.174220081527612,5.366564889525421,0
2,8,10,11,0,2,790,2.24531380799371,5.523671040591282,3.9313199041993205,3.71675066101596,1
3,1,6,8,0,13,3569,7.643514434831593,3.3200063938359214,5.253182677394701,5.793721119940444,0
7,6,5,2,1,7,3611,8.71267973298615,7.312272042793973,8.896666108556323,3.876852820869014,1
1,8,4,1,0,7,746,9.448431718366315,1.129356565999999,1.362531760605823,10.067653160088817,1
10,3,3,2,0,10,2414,5.431260731676632,1.4456136673206417,8.243495355668248,3.5720845871141487,0
8,8,4,11,0,11,312,7.307791292128858,6.394227284222224,4.320888513919808,7.917163685437005,1
10,1,7,8,0,0,537,8.699960110922852,4.075071164366087,8.6915712320963,1.643786667714334,0
10,9,1,11,1,9,920,4.764619999841374,9.579847349808645,8.219827079522709,8.242397924818919,2
10,9,7,6,0,1,1077,3.784715153833999,9.12871621650507,4.138851226564795,10.959596539200405,1
2,5,1,8,1,7,3612,9.430521002681411,7.423356328090365,7.244888817894544,7.3029978556789,1
3,10,2,12,0,0,1490,5.641088959693658,8.363310230150212,2.436694810960961,6.7182645604137265,2
9,4,4,1,1,14,2912,5.475284979317902,7.00598664700924,9.066533969474092,11.533419216259682,0
7,6,1,4,0,11,3235,2.605744869071462,2.1302389243914464,4.640419580067185,7.528758663790157,1
4,7,9,12,0,7,2829,1.9733951311602107,7.889890327202824,5.100630538196802,3.114605199276991,1
10,5,6,3,1,7,2381,8.578961762351604,2.8917277184696175,7.351831459332864,3.508692286172885,0
5,10,1,1,0,1,3618,6.527198585687662,3.910985695901771,8.387562130343658,8.463679710431126,1
2,9,1,8,1,3,797,3.9324212561750382,8.373107908921781,3.1270846899538864,8.825239126706236,2
8,3,6,8,0,5,347,2.725625956512398,5.828730475541034,6.952151258892959,3.6419547814681823,0
4,7,4,5,1,11,272,5.999475521526683,8.739466427650683,4.527982395002336,4.144127735115962,1
9,10,4,10,0,10,3010,6.2552736033502185,2.917317878589378,4.318326316035652,11.892678104869045,2
5,10,6,5,0,8,719,2.8629424112055233,6.470005947461985,7.210232415465892,1.2234305949633293,1
9,5,7,7,1,14,1773,8.662651731023265,1.7541187529343545,4.484649467403409,4.855740341281192,0
4,7,9,5,0,7,3485,1.7583792954026598,6.787548941860267,4.114976501479669,0.7493703743700895,0
10,2,10,0,0,11,2547,4.204837766497795,7.862806339979812,8.522995673136183,9.852940343978892,0
5,4,5,3,0,14,3164,7.123459723862699,6.264378045808495,1.9114851144790572,1.108150067345187,0
9,2,9,12,0,7,684,3.467083274372806,3.3960835134892924,7.083033605471896,8.088088277552533,0
8,7,4,6,0,6,2126,8.449076753031447,1.2820840197298005,3.2385285441156215,0.6778010880417846,1
3,2,10,12,0,13,621,7.658810439403632,2.075039955678572,1.1394841764357126,8.074260453716294,0
1,1,2,12,1,12,2039,8.101205600933207,6.600726811666236,2.500878419854228,10.11644336313244,1
3,9,3,1,1,8,3288,2.0719588228904464,9.409781951582623,6.459953767982809,4.785858323088688,1
4,1,1,8,1,14,946,2.264924151959886,2.8588096357480577,7.382144723373436,6.265517921186122,0
2,8,6,7,0,1,2405,3.5782636397012526,7.615235341945889,1.1895200520068805,4.818500856063389,1
1,2,6,7,1,2,2665,5.66269448677805,8.798059569241374,1.3278289897154814,3.605865103591667,0
7,8,1,6,0,9,506,7.732144690294621,5.6879396060276,9.122879033586578,9.639160807525538,1
8,3,3,3,0,7,1582,8.52877801684813,7.02339216259292,1.6597523630234785,3.264030884771876,0
7,6,5,1,0,13,3252,7.3390178436146245,8.335137850085333,9.047639427549141,8.675321092673364,0
5,3,3,2,0,5,2623,9.357371933775745,3.346076419665342,3.053493223758152,2.474364951062427,0
1,7,10,11,1,9,3317,7.6486915865433724,3.6720610684123867,7.660160201423915,2.998245552939955,1
7,10,3,5,0,8,243,3.7564109830415324,1.0056476496561055,3.7875992405141083,4.037533950926547,1
7,9,10,11,1,9,505,3.3857315590471533,9.667847178080223,8.728768230482654,7.069876528725459,1
9,2,3,11,0,3,421,7.265732052709809,9.257904051367102,7.304093788819221,5.4530678299144935,1
3,5,5,4,1,7,3391,2.7358351182065284,7.881114373834873,4.616321127415256,8.941737717933844,1
9,6,5,11,1,9,3158,1.834433297292429,1.711684188789833,1.686722087566716,2.5628076040343077,1
1,4,4,7,1,2,2264,5.790005873705745,5.027526007295573,7.594301654837263,0.1280674541860094,1
1,4,1,5,1,2,3561,8.394774128010598,1.9170257857439754,6.551962803686634,9.31868966142264,1
4,4,5,5,1,7,3590,1.9124185822287718,1.1432824053651873,1.0262054605040987,9.85979200656087,0
9,2,10,0,1,4,3349,8.127021914161563,6.545646686913376,1.0847787037520078,0.7137619573006746,0
6,4,5,3,0,2,1872,8.304148039163934,9.647464753721696,8.279136758734246,7.3308902659007575,0
3,1,4,4,1,9,3793,5.340466000733892,9.12581221088935,3.3345976492166844,4.538481406476935,0
1,6,6,11,0,10,3056,1.5157927900943813,7.27079333441864,6.725203009552591,9.5267478623342,1
4,1,10,10,1,0,1192,2.571308661224678,1.8697652574838428,5.0879297778872274,10.492974650357741,0
9,10,4,2,0,14,329,7.366836476457391,3.4674763390507013,8.770870130695904,10.212045201566989,1
3,6,7,12,1,2,649,7.406001504918545,3.8805105419676185,9.252650017922397,9.326450968210226,1
9,1,7,8,1,11,1464,9.085197476508988,7.8683505197100505,9.971269414109686,3.2286267449059554,0
7,6,2,0,0,8,390,6.244175318991245,8.220242613116026,2.3831572222652215,9.7426757228198,1
4,10,3,5,1,4,1519,2.1169663094239963,4.465955106909284,8.766676418279278,6.401741710875513,1
3,8,1,5,1,11,380,2.092734149544749,4.760955969558487,3.394192390559216,0.6330793779850898,1
10,2,8,9,1,9,3377,7.4901912162114135,1.400581353485542,6.31734287405957,5.4832661987789875,0
5,2,9,4,0,14,741,2.6540619859711105,3.602230465768849,5.551955504822898,11.30589500435992,0
5,4,4,11,1,1,2010,3.955469496549448,5.06156659459876,1.1618931841514888,10.654312196826632,1
3,3,6,4,0,6,819,5.384908062297225,2.0528474174673184,9.394941519154854,1.2271713719653925,0
9,4,9,9,1,14,672,1.2228838981853607,5.079407146795192,1.704943496342966,8.929520228572443,0
4,7,6,12,1,1,2560,3.2393712431793866,8.678582310320204,7.193970274669622,9.669514391498817,1
5,1,9,4,0,3,1771,4.671006476565521,6.23188917752548,8.06506152587436,3.2566582588411777,0
4,6,4,5,1,11,2996,3.516726866438856,1.710368695345711,8.157590641429158,5.659302848893107,1
5,3,8,7,1,6,1211,2.2273329472080925,2.725041869472469,2.219450670359603,8.531855297564196,0
7,10,9,1,0,3,929,7.552110320165776,5.270899151427006,5.028129554571749,5.268497865853774,1
9,7,4,5,1,6,1539,8.318328896511865,4.253384348396309,8.46485983390582,1.3535630263989233,1
7,10,5,0,0,6,912,3.3173107852935235,4.228543175914889,3.724112893408792,8.470589336180659,1
5,2,8,3,0,0,643,7.96977545145673,5.763407033292312,5.209738078371972,10.939664276823642,0
10,2,10,9,0,5,426,4.469982079611825,6.259563294305117,3.455145034298612,7.829816740873891,0
10,4,6,2,1,8,501,5.560172117686025,8.17175413248572,5.171962760967918,9.285608982828407,0
7,1,7,8,0,1,729,8.704009674038375,4.068699071162362,8.99054130333592,4.300350427893942,0
10,3,3,2,0,13,1283,7.749583136221671,8.24919654736528,5.096118079294925,2.198378941519618,0
5,9,7,5,1,2,3584,8.246051661845598,4.047501062013692,6.003208153668883,7.71328393941951,1
3,7,8,0,0,9,2118,2.2316064992772113,1.4988969004711046,4.635786549727752,3.9332544700946266,0
7,7,10,11,1,4,2525,1.6274748325035653,5.9876888590431205,5.14105464882993,10.320882227877513,1
2,4,6,5,1,8,3249,9.040642561791884,6.291120924053331,1.1365677914177952,1.471536599736079,0
9,2,10,3,1,3,456,4.490508426139849,9.410862210596742,3.5537095896441038,5.201564396797485,0
10,4,9,7,1,0,2236,3.5909171026271274,7.53455193456227,4.929235495676419,4.76073120562063,0
10,6,6,12,0,3,290,7.522266288356421,9.259953872449955,6.70417278393456,11.256646242647156,1
1,3,9,10,0,5,3591,8.527740369218709,9.175124892187085,5.050467374985029,1.8376176072528465,0
6,1,4,8,0,4,3836,8.76240659708471,6.441166992324179,4.040353389894076,0.11816190014413142,0
7,8,8,3,0,13,919,3.8439742701270463,5.749858588028028,4.492888618097415,2.857022553685411,0
8,5,4,9,0,12,2339,8.669911520815067,6.016968704472399,3.180639962804199,9.843322317223855,1
10,5,2,11,1,0,1969,1.3684054993691084,9.80497726909523,9.320448544966476,2.5118617925642046,1
9,4,10,9,0,3,755,1.4469534231374699,7.95850922572263,5.695689032118231,2.8905367644657924,0
2,6,9,5,0,5,1658,6.61167275656739,1.9563931431315624,1.1206850848491081,1.5587856544417296,0
10,3,5,0,0,12,1834,1.5679573220399161,8.005855661032598,1.1750163257759194,8.585234439318485,0
2,9,4,3,1,14,1306,3.9214825165914537,2.534842440084033,9.756654714568374,0.8300902860650061,1
5,5,2,6,1,9,1567,7.054803876222316,5.026154941050631,2.993058022359205,3.9744996279422593,1
5,3,1,11,0,9,1869,4.0354020644880375,2.8941370495888084,8.250474599328832,3.3899847194515744,1
6,1,7,0,1,13,376,2.616398032960863,7.206247589799068,1.5244777140451702,6.661916757481858,0
3,10,6,7,0,3,3729,3.5321555966845746,8.89578762573732,9.290464630250941,8.764995180236827,1
8,6,2,11,0,14,1179,5.118177990253886,3.6132569683001288,8.869753033000105,6.394517216360969,1
1,2,8,9,1,13,507,5.278472698199342,1.7380966708736887,6.1398384619106325,11.172311915700812,0
6,3,4,11,1,8,1436,8.047002082124818,3.6864378826746695,1.080987915549302,11.417311666647983,1
4,1,8,10,0,4,2575,7.751379064883613,7.051256721389749,3.320297866210038,4.337583941982185,0
1,9,7,5,0,7,3426,5.111360241005217,3.9588411479900496,4.661403826586184,9.332164515298713,1
7,8,5,4,1,8,558,8.611006141888943,3.5030095079842307,5.140577050728056,8.865616599218276,1
9,2,10,9,0,9,3834,2.0281342473225625,2.6599167152583845,3.679108827061348,10.715575100457928,0
4,8,10,10,1,4,3258,3.2981801520601133,5.477647841869902,1.2965308142097698,5.375323682492439,1
4,9,8,8,0,5,3102,8.451788171520263,3.4835394534146884,6.311146653338879,6.365678246373507,1
6,1,9,1,1,0,2307,4.401946347635378,7.579093142255348,5.717392009252803,4.989291762978889,0
3,5,5,4,0,10,420,9.83063402914458,1.6896016179298243,3.5470057188616995,10.204523031596468,0
6,8,10,5,0,11,1552,5.196279533750519,6.9762972980018585,1.3417837081264588,2.7564277843456124,0
7,2,5,6,1,14,3622,8.127420606673876,3.138040131109929,9.951347684997462,2.8765089389093363,0
10,4,2,4,0,6,303,4.620763372441347,5.403513349464428,5.337875681437653,4.471261242924957,1
10,7,5,8,0,3,941,4.824581671561873,3.5748092982813455,7.804038175966694,2.764113985228214,1
3,3,3,0,1,10,3110,4.4459483255576515,7.504918084097161,5.0708263154620195,6.732082036979049,0
7,5,7,6,0,1,3560,7.471680584597306,9.50776336226473,1.388532617766473,1.6138812779460276,1
3,8,10,9,0,4,3715,5.92766095653995,9.25369101522832,3.7864067057695006,3.842234632848664,1
2,10,5,6,0,11,2589,9.494003002315322,6.25083593629682,3.8809912690531108,10.96133638170708,1
10,3,8,3,1,2,3741,3.258012848806943,5.1634927293128055,8.545176136441142,4.910705762301552,0
4,4,1,8,1,5,1301,1.9050645887509992,8.364704584954437,6.888069801998869,8.97880459792211,1
8,9,3,11,1,7,3274,4.5393533658929375,7.149937263649569,3.4788691327552557,1.3615463004788881,2
9,7,3,10,0,6,1089,6.550414368820984,2.6520770279523957,9.709659591931775,2.970774097701416,1
7,1,9,4,0,2,2155,8.747190432239456,8.388272922517002,3.8938764915808424,9.688147454404422,0
1,4,5,3,0,7,2315,4.115771980122949,4.859959504552392,9.984106232458483,9.155915235476328,0
3,4,9,12,0,1,2269,6.884080760120154,2.700870939740576,9.965473238532368,4.633871023125854,0
9,9,9,6,1,9,1827,4.151788129208971,3.536176153568432,2.7208946597206762,11.452762824401692,1
1,6,1,3,0,8,1553,6.554976246950123,3.407743272235081,3.8146700456956015,10.927716190014545,1
9,9,2,2,0,3,3161,8.963271523275857,5.672862771431141,5.374397786361888,11.547608989346879,1
8,6,5,8,0,0,692,3.0822187803346814,3.1093308161008797,6.976906040331018,5.134976282253424,1
1,6,4,10,1,7,254,4.638174778963353,2.1120983866141856,5.752427041034194,2.369683004228196,1
6,5,10,7,0,6,1478,9.939386767867719,2.1132176555238464,9.724973222190311,7.519903669096092,0
5,5,9,0,0,10,2300,8.817013254245147,6.24948577425187,7.515902478121223,8.217277899350382,0
6,2,7,6,0,12,256,6.0817587210658175,7.612833599644407,2.9084036444467696,1.5053014134062401,0
10,8,6,8,0,4,2430,5.649648326688478,3.893797079545067,1.945877951922745,9.43779641155087,1
5,8,7,7,0,9,441,3.561403440742129,1.3118563883261536,7.195611616384211,0.21672263711952633,1
6,1,1,7,1,12,1881,5.654884849241765,2.1450239824330968,2.426071961626867,5.7927406497214005,0
5,8,1,12,0,4,2646,8.633633484519525,9.232251043033514,8.089091563021787,3.9721951139387386,2
5,5,8,5,0,6,1113,7.166570619500025,5.441892936305077,3.7993300053430326,8.88363671878901,0
4,2,2,10,0,4,3820,3.610396253601879,5.0821552865365724,3.942039367500459,3.753128729061791,1
3,2,10,3,0,7,2437,2.8131752894817965,1.3424426047908182,1.0971855315056076,9.921685353372393,0
3,6,9,7,0,10,581,3.386876832971462,7.557733200852092,7.309101403855366,7.139441865369727,0
4,9,7,2,0,12,3115,2.5278328125354386,5.75261272838871,2.0194277775821723,9.526720341144864,1
9,1,6,12,0,5,1735,1.8607662642134435,2.818728424778687,7.955925197171663,11.872087654075486,0
2,6,1,8,0,12,3735,4.772225569978495,1.9906638416295146,5.426810397254862,8.149900148922683,1
9,9,1,12,0,4,2645,2.0196964395844095,4.450490772687987,8.058518334591122,11.81940379633973,2
1,8,2,1,0,8,18,2.547213019543939,8.534457677755231,6.255338852779672,0.34603592306046416,1
1,6,6,1,1,10,1124,5.925922159055375,8.78765103280922,1.741899448170917,4.057679861805701,0
5,3,6,11,1,1,3985,2.4813934632961727,6.425617423560728,7.890871030346648,1.2942391747477098,1
6,8,2,12,1,0,2654,1.5749179068781256,7.547827845071284,1.6281953640527478,3.1476591766132747,2
6,9,1,11,1,7,3837,3.8564996502509667,2.0364020866258334,5.30831548512399,10.066654789509293,2
3,1,10,6,0,11,1380,2.9828718875977076,6.293134589210694,2.5511429273046695,0.38787918391308374,0
7,9,5,11,1,2,1565,5.637746691949391,7.002691331384636,7.771016601800965,6.242195228788725,2
9,6,5,9,1,13,3832,1.921303761248884,2.80641558622413,9.204321050255139,6.805544490388476,1
10,6,2,3,0,10,2080,7.765937089146803,8.92139259619233,5.987135470224469,6.733813760063473,1
8,4,6,9,1,11,1993,9.156101674916247,2.754970637689178,5.744325648692625,5.703564885879068,0
6,1,9,7,1,11,3300,7.690916565605749,3.8212962386180536,7.875668766930561,9.487235577237064,0
8,10,2,8,0,11,1547,5.795443336612548,6.585011623211127,1.045709316781545,1.602517074066614,2
5,8,10,6,0,6,3701,8.746010396099965,6.745150586176577,9.259827783716446,3.726924186609448,1
8,2,2,4,0,9,861,7.254265418033567,7.294462668886306,2.7770393538201854,7.388712641342073,0
10,1,3,7,1,12,154,1.0949601020517088,2.008105417613851,9.857069954436135,8.291416395215471,0
4,2,7,3,1,10,3494,4.5468113749705275,8.645179869356998,7.626285531644159,4.849781181324675,0
10,1,6,1,0,7,904,8.658567094661201,5.795624190549339,7.968260329306039,10.504455159926797,0
8,1,8,10,0,14,1269,4.1127297217774235,5.241896146945615,6.905826823362459,4.985920760350972,0
10,9,8,11,1,12,404,1.3169365617297115,9.829878620621587,5.244968645066443,4.833313612179998,1
2,1,6,5,0,12,843,7.715616746970451,7.663404672469178,6.144649240250489,0.4344871378486195,0
5,4,10,8,1,5,1782,8.218344432545816,2.062054239574374,1.417625974136131,6.613696034336806,0
9,10,3,0,0,11,1564,2.445343255389777,7.808852505036167,6.615635584888128,8.504170062142862,1
4,6,3,10,0,9,1184,5.836064471588631,1.8572404057558254,6.634882917883421,1.3732579622021772,1
6,7,1,9,1,13,746,2.7275989509615317,1.2472350626168636,9.020807176616286,3.66519319305445,1
1,2,7,11,0,8,1725,7.473109771397321,4.632633057429074,5.550907216871975,9.375083445394226,0
9,6,5,6,0,6,3188,3.4439540965973707,9.942203555372968,1.694299366774549,4.391033224962905,1
1,7,4,9,0,14,270,3.8459361030699704,2.5739554257537636,3.755763284338731,2.8992295444804785,1
5,10,10,8,1,9,769,8.604737682760913,7.05379909174111,6.900664709028857,8.066407962781346,1
4,10,4,9,0,4,1715,5.286901169862139,2.560564595855074,3.1533297647631753,2.3611053320598674,1
3,2,4,8,0,7,1510,7.0277900609642305,7.5230827746254745,3.5247503966986082,10.747835034998122,0
6,2,6,9,0,14,3956,4.621357456502209,5.548183014140435,8.38422114724768,1.2671807523136915,0
2,10,8,10,0,1,171,3.682061714743799,7.119745390804386,6.258877585864381,8.478597627393924,1
3,7,8,12,0,6,273,6.629302543821952,2.8258585832281113,5.5767468859621525,5.994584415436503,1
5,1,5,2,0,14,2306,2.3937181667093914,7.710654992684518,3.866067701252239,10.439154748763922,0
9,8,6,10,1,3,1158,4.356998520101767,9.96057153660436,7.5783523233973,1.5143410923148393,1
2,3,4,12,1,8,1706,2.8813333364733005,6.990854505633638,3.5894659104102637,8.134739021953054,1
10,6,9,4,0,11,3793,7.2621547024667095,5.441319982655899,7.633571658797577,6.864655670176577,0
8,9,8,7,1,0,1771,9.497879545114968,9.308565897573382,1.630913322406978,5.761081706880557,1
2,6,10,7,1,6,421,9.959598712142798,1.1426665800868867,8.780872074238752,5.896887161192021,0
5,9,10,3,0,5,1444,5.052491293974317,7.56931167357239,5.496098170383395,8.66372354158237,0
7,7,1,11,1,7,1209,3.2727735067280004,8.998718651324316,4.94657215029073,11.252899859217866,2
8,9,2,10,1,4,2411,4.985464333458918,1.555071252588617,6.499210703877321,1.095019909428577,2
1,2,9,10,1,14,3678,8.625424689664515,5.050577533741824,6.617728656066434,0.23403177132624275,0
6,8,8,0,1,0,2425,2.8540511069683587,2.84247508554999,2.18831659200996,9.668457509774441,0
1,8,3,0,1,0,3594,9.568860864876314,6.098663490290471,7.80610230834592,1.298032650609112,1
2,2,8,3,1,8,579,4.076791919183359,6.845886627432945,3.483354681550566,11.840361552965085,0
1,4,1,5,1,14,890,9.872232935052745,3.723608646358795,9.144656921529226,7.432178987506047,1
5,7,10,7,1,9,721,8.54747998780566,5.139835027102907,8.360655970733493,7.810396743049688,0
10,4,4,5,0,5,3267,8.277134807326513,3.5140553674890356,4.116394373812737,2.3867004352562087,0
9,4,3,11,0,9,880,3.8611420639595524,4.324520480096024,8.26965363880643,2.8837477235600932,1
6,6,6,8,1,4,1121,1.0789949075313652,2.4358596101958123,4.207514493699138,7.912203637191002,1
1,10,7,8,1,14,2652,4.439196179433891,8.970034992270683,1.9085291347243656,10.916722055210364,1
1,6,4,1,0,0,2007,3.716284326964243,1.0900936950322277,9.656994148531371,11.7886866542108,0
2,10,7,9,1,5,2069,1.3365729136791757,8.941682677994097,6.873418136938961,2.376371359573124,1
9,3,9,0,1,5,1473,5.548287308553367,6.145109905147646,5.104895739963325,1.609435472517482,0
3,9,2,1,0,2,3243,4.62728180154463,3.9849205975931574,4.579960163779357,0.6768162931294857,1
1,10,3,4,0,12,382,6.7110082096737225,7.507514129142968,3.922348008324376,10.419564217935935,1
5,2,5,3,0,7,2181,6.590676899746748,5.569769366763979,9.833028358862164,3.536578162277625,0
7,6,3,3,1,13,1449,2.086719723070121,5.491977922968458,2.2127253861781666,0.021744406431019936,1
6,7,8,8,1,14,3096,9.792689915139603,1.991280546270698,3.8332455302851147,2.685817032677146,1
1,9,10,10,0,0,2550,2.682382864973022,4.505644233508678,5.369478762543972,4.085292961193021,1
5,3,8,7,0,0,3256,5.007466222882341,3.16957911271063,5.301995905488803,11.891834033960222,0
5,10,8,5,1,5,3156,5.393057890903615,1.141263150366517,5.242298359670591,6.28249912628498,1
6,3,9,0,0,9,1590,8.317565174927081,4.24089667703902,2.5820543424734366,2.4565673711412157,0
3,7,4,1,1,12,1786,1.893066364851821,1.8083991648304427,2.304392743985505,4.017820136561413,0
5,4,5,5,1,0,143,4.857798512876785,3.3114703395266667,3.2929082769575806,3.9636922506825414,0
7,8,5,10,0,5,1886,6.656519532125835,1.8326495906478502,9.230735384218505,0.23670895755810584,1
5,7,8,1,0,0,3981,2.9364005946165,1.9084746300075897,2.017476710510591,1.6221966500571607,0
5,5,7,12,1,13,1702,6.647211088894655,2.7911016497366945,7.816825930359923,8.342357516438534,1
5,7,9,9,0,12,1435,9.312983537946874,9.998643200377602,7.8179355382003415,1.4430118388488156,1
10,3,8,4,0,5,223,9.977663180554075,1.019657285715239,8.287933635075362,2.7688113192734254,0
10,2,2,4,0,2,219,1.2920596911160813,6.748053725083647,8.9795394009042,4.208847580851705,0
3,6,10,5,0,13,178,3.1202940542020974,2.271193282239016,3.3673255978503724,9.092819334027524,0
1,2,4,5,1,13,1654,3.792764042125277,9.285653230396981,3.0210352234200673,6.988811578415278,0
5,3,6,5,1,14,432,4.592134904004695,1.842696040002663,5.189550998747317,8.267999819862819,0
9,6,2,1,1,7,264,3.1803144182629066,9.59556868413613,3.385802518768325,6.804147905042067,1
1,5,7,9,1,12,953,2.831391950997813,6.498337487351302,7.608789900847968,8.203109102662427,1
3,8,3,12,0,14,428,9.5909845817575,1.0114126922394122,6.723456190672903,0.03410584396766936,1
4,9,3,2,0,5,3733,9.266694424934661,9.046064781251255,8.874889192473862,11.170777732457154,1
1,3,2,5,1,12,2463,1.4229325090280573,5.695406212302265,1.744644731383644,1.3310427704976782,1
1,10,8,12,1,10,3524,4.049317194443633,3.3640276179743607,9.235750000222673,4.874989151722858,1
8,3,6,7,0,12,2774,4.64633698310566,7.905512597640671,3.640137640030806,9.252460442938258,0
2,3,1,11,1,0,2244,3.1511308119934904,9.33998998498183,5.4162491133428565,5.222768616113087,1
8,6,1,12,1,14,1577,6.65985607289358,5.353217408321145,4.947502923456794,11.36211062001019,2
7,1,7,10,0,4,3124,6.7634267197981695,3.839981269987998,7.842804859939815,5.611067381985201,0
10,7,8,11,1,7,479,8.654538054957374,8.10050611541434,4.782999784886583,10.499272867232056,1
10,1,5,0,0,2,3514,7.667823415466961,7.136069480096092,9.491978310844685,9.72993736034725,0
2,5,5,0,0,11,1353,5.8831599426936005,8.99877235375245,9.122804943747179,11.771835633584198,0
6,10,4,10,1,5,3322,6.882280930399779,7.232626114850737,8.84945036772556,11.118573369011706,2
6,8,6,12,0,4,3878,3.4658990338871627,3.1917550500958267,1.641324993834051,10.777486016554544,1
3,4,6,1,1,5,889,6.337505709706219,9.384933247831171,8.688322553985454,8.779252086233619,0
2,5,3,10,0,9,3854,5.403045292749273,1.9435217248539218,8.034719008988894,4.403977767218649,1
1,4,9,11,1,0,924,2.200100205847334,3.411484750961631,1.9316165230551792,1.2735050227788292,0
6,4,7,11,1,6,2170,3.1828984892467367,5.68175146951497,1.9667289289259968,8.26374062717268,1
5,8,1,5,1,8,1902,3.625241056494274,6.091678234638112,1.9104743036578706,11.74384897605558,1
9,2,7,8,0,1,1410,9.318786103473021,1.1377952796421489,1.101993338840388,8.719253247982428,0
1,1,5,3,0,9,1362,3.073479754473005,8.02515453238846,5.937708746751252,11.144752431328026,0
7,3,5,2,1,14,777,3.6031951253770136,4.2544658658285055,9.76054862292439,9.6516565554662,0
5,9,2,11,0,4,2395,4.3241871708048905,4.65776686901924,4.948162326098142,1.9573761014001452,2
5,4,4,7,1,9,28,6.973684647628483,8.284325899932512,5.866817516986208,2.9904452470954475,1
2,10,6,10,1,3,3022,2.0641455322492646,4.413550525547901,9.7117281709296,4.102387221148204,1
3,5,10,9,0,5,34,9.585506912443984,1.4250238884527935,3.296640058968076,2.0191253320560496,0
7,2,7,8,1,5,3589,8.79014098085288,2.587957934233153,8.726232273384365,6.97981599207608,0
6,4,5,11,0,10,1419,6.194944657080551,9.603128551493642,5.9175142049056255,11.705406289619415,1
2,2,9,10,1,1,2670,7.066340806824611,1.6336482616226276,6.125288631967097,9.137506001233904,0
6,2,3,4,0,1,3365,1.149944241197944,4.194380808712146,4.0885647148655515,5.0806409888095425,0
2,4,1,8,1,3,588,4.050502978136038,5.528612503462101,6.054259248702173,0.05405377176346393,1
2,6,4,1,1,0,3420,8.160942075952978,5.43952744604704,1.6582825853045553,3.7593121336581445,0
2,7,9,2,0,8,3218,1.697346764131473,1.0356394871092847,7.88179215352701,6.3211114523065834,0
3,10,4,6,1,13,3138,3.540824507896482,5.510464583117413,3.562189853898445,3.891010486223647,1
2,3,2,6,1,13,903,6.267671455008801,4.453952121796683,8.988474965445594,1.3324190762863144,1
4,3,10,5,0,12,2567,3.3077172492904765,9.748714019271015,4.310656251467126,5.3131794823427345,0
9,10,5,5,1,6,2169,9.405801767300673,2.4324317559444686,2.2854169943819436,3.0390338035885947,1
6,6,3,1,0,11,339,2.1795276772386134,4.187387770835455,7.262934169316365,10.910788517538018,1
1,3,9,9,1,6,174,8.176549221170006,4.775333365808377,2.481203302421526,1.2210543420121889,0
8,2,4,5,0,14,1923,5.571538227157674,4.5162418339085395,7.783124639886914,0.5898315446965245,0
7,8,6,3,1,2,1714,7.752976982379604,6.9924774488667625,9.71301012765505,0.06377002985834457,1
10,5,2,11,1,14,596,3.796437954803027,2.9396157179299194,8.015975819157356,3.936836213827893,1
3,1,6,2,1,10,450,5.630406420808349,2.9896439753259263,1.2020432358819222,7.924642058410663,0
1,3,3,12,0,14,556,8.711518147508587,7.562898536507678,6.398972092474972,8.764965034581511,1
5,10,9,10,0,11,1159,5.20190289210794,5.502614668103616,7.258696038727519,5.4391402005806775,1
4,8,2,12,0,2,3926,4.237478757192426,4.736401084515794,8.429124932166566,8.2119438054632,2
10,4,9,1,0,0,3087,5.825398476274625,2.5228274650952662,1.5040207804510013,4.318968434584361,0
8,7,5,0,1,2,1356,7.456264777327302,2.6877450062094996,5.320970451570577,8.013674639839403,0
1,10,8,10,1,2,3266,4.992070109486525,1.0949647313431048,5.818337853745549,0.48715182362848086,1
10,2,2,10,0,3,3567,9.449892776280457,1.822836419755383,2.522123763797602,4.68903581480405,1
1,7,6,4,0,3,2056,3.6545124163810785,6.01154825221217,3.9020482873958464,9.49019613159815,1
4,5,3,1,0,2,3899,5.279172455522084,9.02685817007569,4.961995536305487,9.636072365508015,1
8,5,10,1,1,9,2381,7.812348934072973,3.584482886175017,8.498887191620213,8.593785346508335,0
5,6,5,6,0,11,3404,7.202089814461824,3.949725033065153,9.364668094631861,2.450863446838373,1
2,9,8,7,0,7,1016,8.772769471754405,2.0404504955036096,6.655805460259056,2.966461427167599,1
6,6,10,12,1,7,2374,9.97128262612998,4.497678510463925,4.554506674193159,11.953064727174148,1
5,8,1,9,1,12,2062,4.8417249591558065,1.3349953411239626,3.2862791601908734,1.2405360864235186,1
2,7,5,7,0,12,838,2.0003579180498066,9.258406266357103,9.839216659925354,2.1679523868289126,1
3,9,3,3,1,0,1637,1.2737429272717118,7.058002133120758,9.847179982687226,1.5603150678015911,1
9,4,4,0,0,6,225,7.541892155257945,9.91673928453897,9.324792534115312,3.931859564203387,0
7,2,2,10,1,10,3496,8.86612304177844,8.945408464106443,8.071022348900373,2.5221100228070803,1
7,7,9,6,0,1,1813,2.986413273499768,5.256915343283374,3.932015893710564,5.972255514573265,0
6,6,3,0,0,0,3479,2.426032334709154,5.6771652803533925,8.353004351478676,5.712248482561439,1
8,1,2,10,0,2,2160,1.559845823731219,2.7151844186547445,4.679137155440554,10.818067433415639,1
4,9,10,3,0,3,2020,8.404326295454858,5.158354085556001,3.9409578833954066,0.4168793693373778,0
8,9,9,7,1,12,1451,3.802437459033259,9.127250861435305,7.703788226196516,3.83855492001316,1
4,2,7,1,1,5,2048,4.6152720348379885,1.4576808127223901,1.716885348583806,7.159894703965082,0
8,3,6,5,1,9,2313,5.524751724486511,8.772011226984787,1.4370645096609551,7.257621142127566,0
9,5,1,12,1,13,1514,8.555079107885957,4.068530214783488,5.031583274630671,5.7615147481705105,1
3,5,5,5,0,4,1231,6.857498994053365,9.09561488586679,5.010749207399457,9.787986489775605,1
3,1,3,11,0,14,1645,6.535581668720302,9.467919157073363,9.060797377574515,0.7526660569735055,1
2,8,1,8,1,14,1735,2.5810488996031964,7.037783983017153,2.135377866590351,9.785853186961631,2
10,8,4,4,1,13,2999,5.618709025388468,6.979814079334101,2.109555347071715,5.937050885228443,1
3,4,2,9,1,3,3440,7.438429154607897,5.07478903937866,2.3270734042741106,1.605128340924026,1
3,7,2,3,1,7,305,9.759347947274426,8.519862020893367,1.2676263516514235,10.628422962485732,1
5,10,3,4,1,10,2059,2.81265678292017,9.654514825899549,1.6455856403341755,7.790745354491562,1
5,3,8,11,0,11,3416,1.0858901776050398,7.975736203052073,6.9388288014613515,1.9625482418896714,0
2,6,8,11,0,13,3536,1.6777129023862276,6.597430603810383,4.884258962057583,0.4037966807883193,1
10,10,7,9,0,3,1723,4.382672186637813,6.461136062392031,7.872427603792122,1.6933157799917913,1
6,10,6,10,1,12,1689,8.384901829713884,8.64522911425296,9.933379467234943,7.305575522164723,2
5,9,9,4,1,9,1517,1.0642787359142054,5.870833891941685,6.931312129891012,2.1515548231205814,1
6,1,4,7,1,11,1391,5.1105753359725625,8.234738976239404,1.4541001355811136,2.7091568985003374,0
1,5,1,9,1,12,3917,3.963075538072551,5.579967296568212,1.9410657827890736,0.30167670907577016,1
5,4,8,11,0,1,2984,1.4723353908975483,1.5619984747653173,8.92903676333237,8.675168066863243,0
9,8,7,7,0,14,419,5.052126580053556,4.455523080137397,5.747463501024354,9.724372797113245,1
10,1,7,1,1,2,2936,3.2927383660304694,4.999968619043488,8.42353443456166,9.562178121265479,0
2,9,3,6,0,5,3862,4.166963509123058,2.274555204879555,8.709511026024334,1.5308178163714108,1
1,6,4,7,0,7,2218,7.350537743058637,1.9224669627029152,9.349070873495673,10.839613528665112,1
10,4,10,10,1,7,133,5.693958855198704,5.819184546912587,9.548462849377291,8.06734595368896,0
9,9,9,5,1,14,2030,2.12182686093532,1.7662927290047392,5.993432168529756,10.770343468522373,1
10,5,6,4,1,10,3012,9.652730863812751,3.7265065110107556,4.069181550304305,5.3659260543679625,0
9,5,5,10,1,14,1450,6.723196891387645,7.701372783667684,9.656783869131987,5.243458333004373,1
9,5,3,8,1,8,3096,7.892815830962784,9.679889616111828,5.926657654011027,9.414438224218744,1
6,1,9,12,1,6,1553,1.7129183500753373,7.460835224967357,1.5782745065914994,1.1195742657209222,0
8,1,5,2,0,12,3261,1.42352541514017,9.933629936075832,6.784988950538785,6.250488439618628,0
1,8,5,11,0,1,1164,1.1750324533127305,7.285041741514624,6.289162753555097,10.036610827574709,1
10,8,4,12,1,7,3626,2.699146249961,3.6441502358889477,9.062135856052354,9.962310756834857,1
4,6,4,12,0,6,1869,4.7296755794664564,7.048472864548257,6.878684702420312,11.473594276108429,1
1,4,1,9,1,7,1819,9.422435200625406,7.319410886772134,4.141471820153963,8.379271122366557,1
8,2,7,3,1,11,2705,5.113536933391987,4.345542861548145,9.696031531352384,2.49324755327674,0
1,2,9,8,1,2,3386,3.612295948352765,1.1594246554845011,8.214575373838302,0.24336377873496984,0
3,9,3,5,1,6,3515,6.05741728167697,7.3287980629793825,6.673758565432189,5.752989583525223,1
4,5,2,7,0,9,1342,2.007411203213103,1.1953008574798747,3.6363268306281062,6.164446387470667,1
8,4,3,6,1,12,1464,6.485553019044849,6.68069270254064,4.36186266682866,2.8831510139871774,1
6,10,1,10,0,8,3163,6.115887588974529,2.4725483986829957,7.02972931686991,1.4963693654832384,2
10,1,6,1,1,2,2226,8.127937300651388,6.0904317497323905,1.6478273661698954,7.034497994286108,0
7,7,7,2,1,13,1079,9.880188504553217,5.5352172284254,3.310125324852371,9.171068088289696,0
8,3,2,0,1,9,1178,3.2578612454449947,1.1216227807556431,7.425108400569382,11.917849243081927,0
2,6,8,8,0,5,1695,5.586908057233845,4.2657923529559305,5.320166588601588,9.099631406526221,1
10,5,6,12,1,1,110,9.179788656871033,6.409820506566724,4.621542083329871,9.523588971066971,1
8,5,4,6,1,1,2184,8.066708959805572,8.637458967089017,2.3631186016037304,7.39753053874557,1
3,5,5,0,1,4,2279,5.386656727907268,8.997779024528654,4.976641310299593,11.831071907640213,0
7,1,8,2,0,4,3039,9.508344846533001,5.354649730299009,7.936227736842105,7.679476621374845,0
3,1,3,3,0,12,467,1.5151302416512844,7.5558023856949434,3.3761156146470372,10.323039436796453,0
7,3,3,3,0,6,2779,9.378987577413255,3.848091188801119,1.0485868796530968,11.349415754891469,0
2,10,4,4,1,11,2528,1.454566531445259,4.079677651827917,7.016544110358845,11.158302006006732,1
10,4,1,2,0,1,3139,5.925742697032159,2.750171672640824,9.753639439892973,4.576984125400278,0
6,5,9,2,1,10,813,9.013968532009772,6.057532989939154,6.461439072297246,0.9439446997711038,0
3,2,8,0,0,13,1272,3.3644884920517253,3.831077358346287,2.079296730344171,2.062484430470962,0
3,8,8,6,0,12,993,5.250236490506427,1.7593380679465453,3.8865978311020575,0.7106796647592897,1
9,2,10,10,1,6,2031,3.9189599122326997,7.165054779968608,8.80877453248201,1.2647632179496804,0
7,9,6,9,0,4,322,9.569295253687162,7.369778868448583,3.0931126683114574,2.2158149507243716,1
5,2,7,0,1,13,2969,8.412810352777818,4.239931769011521,6.469263131478472,4.093131799048821,0
10,9,6,1,1,5,903,7.381013601937416,1.6905105951042052,4.62404087428598,6.52247575890091,1
7,7,9,12,0,7,1541,6.288642879535979,4.836679456630833,2.870593492776841,8.540184712261032,1
9,8,3,3,1,9,1999,8.385326103917333,4.981019122451939,8.320662042082116,2.531128033278143,1
1,2,3,12,1,12,1815,4.530403373711923,7.018037964081037,7.685481488191212,8.070268850857673,1
7,7,3,3,0,13,3503,5.027966695954557,3.8387475213281514,6.954319593633389,8.451108894029035,1
6,6,10,4,0,11,3558,7.570015489727753,7.143393518031749,3.127029312418761,6.703468042394274,0
10,4,3,10,1,3,2653,4.219792869643428,8.843396875816495,1.8807130244480503,10.843414437584528,1
9,7,9,1,0,12,2476,1.5751084784353644,3.1373743812597983,6.185433968433696,1.3319377670617278,0
1,4,4,3,1,6,3340,1.6690114799746432,9.810276005079098,5.9831005018549,2.125457491229034,0
4,2,7,0,1,5,3780,2.0382652117513347,4.4773132342312625,2.695465084013857,5.143977892673818,0
9,10,9,1,0,9,3608,8.827131910092966,3.4053281663235557,1.5062202488365524,1.5205528228108665,0
4,7,7,0,0,1,147,5.250037831805839,4.793600642592615,1.7263760877458738,6.795553724689049,0
10,8,9,9,0,14,1141,7.415941324102628,1.8495772831347326,9.934938878614604,4.7808055993130925,1
3,2,3,9,0,7,849,4.53618402044404,2.131353158609041,8.052255052685954,3.415149534431021,0
9,5,4,12,1,9,366,3.3283985267407106,4.729906422714983,9.297887283686553,2.0398777562116472,1
2,1,8,3,1,8,2897,4.124729508059907,7.862000697451901,2.75549250012727,4.024058860178524,0
4,7,6,3,0,4,1089,8.147641107854653,9.102810156170419,9.645116826910916,7.295512209988104,1
6,8,5,6,0,9,2038,6.626945125282944,6.983361916446438,2.2838891632584586,6.9094225306729395,1
2,6,4,9,1,3,2860,9.438758019621119,1.9469759971435274,5.5817364570982395,1.9634880025228059,1
8,5,8,10,1,5,3441,7.117343007191506,7.048177859624816,8.467261159753576,1.499037728887601,1
8,6,1,10,1,7,174,6.131634685792245,6.718851286326747,4.148230190604215,0.32012115130647034,1
1,2,9,8,1,10,1854,6.49176408087251,8.251875264639981,4.823456798592105,0.1491071255271872,0
3,1,1,8,0,14,587,9.481342955215732,8.427237999869629,2.153665992691881,10.557725228636222,1
10,7,8,4,1,2,494,8.093808368800355,8.81382768201081,2.1062969199907546,0.541066272064679,1
9,7,4,9,1,9,3020,1.2163711362979404,4.727183631211885,6.5761140230079365,8.774653318478956,1
5,10,9,0,0,10,1137,5.807257265221275,7.280779558169298,7.0797913175805105,10.463821154939485,1
6,10,5,0,1,10,3182,7.195045703919083,3.4142532303007966,7.995992626739739,1.176694182749491,1
4,2,3,5,1,0,1784,7.738286305952395,9.994026519851538,6.010138474135782,5.2356170859962115,0
10,2,9,1,0,3,3510,2.9182790738254303,2.5780081723917396,6.811833630351753,11.54763579809132,0
2,1,9,7,0,14,3786,8.80459619006217,1.0910298849475222,1.1216554452974805,10.009663926283022,0
8,10,4,12,0,3,1170,9.602588324576473,2.339278430663584,2.4595365442346924,5.87644838229426,2
6,8,4,8,1,0,34,3.130437752603828,7.9828506058971405,9.864232894152142,9.150853353498634,1
5,8,8,12,1,8,998,8.943539117655213,5.021053088573903,1.6839415568424863,10.000531493179967,1
9,1,2,3,0,2,1332,1.8728088626448585,5.027502230293854,7.109094000342204,4.176323558264631,0
1,8,9,4,0,4,2585,1.5013615250372068,9.595206276505017,2.584743697285446,10.705835002439532,1
5,9,6,10,1,5,2797,2.1630142009247444,9.276714172252667,7.450467271908777,5.645679836125881,1
6,4,9,7,0,7,1037,1.519669715203324,3.800752640236083,7.353913626657941,6.33368836270596,0
5,1,8,2,0,5,373,8.605110134401983,2.8815231590277954,3.107791538092812,11.996491653861973,0
6,1,7,4,0,2,2604,1.5314513001244476,8.636339889403658,3.4267095929728377,10.119635593825935,0
6,3,1,2,1,5,1451,3.4449777222728994,9.15417163939927,6.892936422418795,4.34124006927576,1
7,5,3,11,1,0,1751,1.9338070918227075,5.874372305186382,4.510774349021923,0.12414715767239937,1
4,5,2,9,1,3,2280,3.6587983268238844,6.664813400053904,2.7509317272992018,7.514088885526736,1
8,9,5,2,1,5,704,1.8150352084082844,3.3122285622306404,7.585116389087336,8.446961113537293,1
7,10,5,2,1,6,562,7.012029256687127,8.207224191806722,2.3873277190270077,7.809632281720556,1
9,2,5,12,1,10,2986,2.1999413470831763,6.689101856041208,8.70079297730452,11.614348213958557,1
7,2,4,11,0,12,2934,8.666613332549991,5.5316216016819695,5.632025716466448,10.35565232798573,1
3,6,5,6,1,10,2773,8.354719456539769,1.5409770047055624,1.9513054349137062,5.385980318167782,1
3,9,3,6,1,9,3734,1.1229551692354849,9.243414662600383,7.24665100177886,0.7542898496685715,1
8,1,1,6,0,2,3511,9.061537199636032,6.539062783459654,5.6724673561708645,5.712705234023963,0
5,9,5,9,1,8,3573,1.2604988506903037,2.734219852236712,3.682518146153286,8.270928239544277,1
4,9,9,7,1,11,3346,3.1568120646180096,6.457475052847475,4.802854422014693,7.292517698724055,1
8,9,9,4,0,11,1873,1.2915022399839555,7.097170188159761,3.685039692287489,6.457644812530619,1
6,5,4,4,0,6,2123,4.022591383353844,5.73193303014903,3.3672325216850565,5.625827496182896,1
2,9,3,3,0,13,438,5.624798731419444,7.462915641604202,2.47247578759341,3.525142476328636,1
4,4,1,6,1,0,3803,8.169803821136242,6.233085531357618,4.264904198237283,3.328161140695551,1
4,2,2,9,0,1,1883,4.041833954228525,9.529926238289335,3.2588848568446367,6.002777747109622,1
6,6,8,3,1,0,1979,7.349410222058051,1.4832737073937614,7.150910383485254,1.9272377571557882,0
6,4,1,1,1,10,698,2.6875401140708233,1.9562113762260445,7.154890670469757,4.088225082897619,0
1,6,8,3,1,8,1312,7.755386110697137,2.5630447325890584,5.516562183000746,3.887751296521195,0
8,3,7,12,1,8,2962,3.123969453183138,7.21153963543899,8.001500747232889,7.045593619010411,1
6,6,8,12,0,6,1563,2.2919028034939113,6.810362854748278,8.572057471054434,0.800187604356295,1
3,2,6,7,0,9,2938,2.668679653366489,9.028529741887246,6.217898116908458,9.95602416318114,0
9,2,9,8,1,2,691,2.6385681599366984,7.595897075955086,6.570416464870903,6.748540564612826,0
2,9,3,2,0,12,2300,5.61576591439292,5.57519938808133,3.5459731880772867,8.049920169311225,1
8,7,10,6,1,14,3197,8.603178230693315,9.926486132172673,9.053822806349679,8.437126845113195,0
10,3,4,11,1,4,1200,1.7164456929325507,3.3949716055236925,1.2178543998027684,3.497809642110438,1
3,1,6,8,1,14,3108,7.362606866440804,8.498724938069085,4.137422224985611,5.644458808618398,0
5,8,8,10,0,3,2457,6.889118136875719,4.8411133497452745,7.4962037939487045,11.474951470436007,1
6,6,5,3,1,6,1634,8.85267956646426,6.838616249881608,1.7208055870404513,9.200462855961778,1
10,7,3,9,1,13,1633,3.1973280445621652,7.545416234071906,2.6485257468546335,11.634682502678224,1
6,9,6,2,0,8,126,5.050988728165267,6.703786784713027,6.3035715507656604,8.95505214175546,1
4,5,4,4,0,11,1506,9.332446369991656,2.2645657279773395,6.039943043172022,2.107201676502209,0
3,1,9,0,0,1,1191,6.939941051217855,4.986559096731394,7.650354665178595,0.7744306061361148,0
4,10,3,2,0,12,2639,4.498915715754372,6.052945401398119,8.313513751793547,6.931937240635964,1
1,7,4,7,1,7,293,2.182711445697416,8.64139383260737,2.157216206605022,4.293759356431314,1
4,5,7,10,0,14,3916,3.3623650711053195,4.992811739187151,1.1654289079771785,3.3054949216580427,1
1,3,7,7,1,8,3709,6.23093929740445,9.268725743238264,7.206746676930155,9.68653195710501,0
1,9,4,12,0,9,1366,7.463511528044624,4.9633680072268955,3.712526161897233,4.403919204983368,2
10,1,6,3,0,13,1019,2.1197969816670414,5.939018733367105,6.633855225261582,3.804011636811647,0
6,1,3,1,0,9,2357,6.396375340396486,8.166571146485209,2.3549012925600223,10.199851118028125,0
5,1,6,12,0,8,2709,5.953161509548759,6.247609159799293,5.221360419993666,10.155448037837521,0
4,3,2,7,0,13,2575,5.625599020216372,9.641962651445422,5.539822714570932,4.276399653060679,1
3,6,8,7,0,9,2587,7.211108059138072,6.943022474627148,6.265700347358945,9.989984411831594,1
1,10,2,9,1,13,418,8.537046355751157,5.70438508660841,5.618530146975079,10.209341883991925,2
6,3,7,3,0,6,443,3.9069071485918156,1.2123277100271628,5.461216932058425,5.087166420355995,0
2,8,9,2,0,14,684,9.001109710998636,4.723596078222968,3.9946073858546995,0.7976775625100587,0
8,10,1,1,0,8,3629,2.4457025135669563,3.693235773341444,1.640622126862776,0.01901573359608122,1
10,2,8,8,0,8,2887,2.557214827760479,7.732951010987403,1.8056817711715807,6.27950955466794,0
5,9,7,0,1,13,2283,3.4009485726153152,2.874499076381912,4.9040044696643825,4.128905920444268,0
7,3,6,6,0,2,1462,2.0757778259237005,2.8469807856466463,4.2021381503889375,11.965582729900392,0
10,5,6,4,0,3,2261,3.072873022145898,2.7056713891363913,5.64521324207048,9.26893199552741,0
2,10,6,7,0,1,84,1.9577058661256013,2.1305405184061232,3.7435435233064025,9.13530547620495,1
8,8,9,3,0,9,2841,8.395771752868512,3.799063033037987,7.191190823097919,11.462913219448124,0
2,2,2,6,1,2,1767,2.2507209269796213,8.973299029990827,8.775593398085595,10.65269277471985,1
4,6,1,12,0,10,84,7.725678018038711,7.974356250753595,3.6897686990818093,3.8182497534766644,2
1,5,6,4,1,10,1944,1.4312248112200037,7.617260946761141,2.7368560714512573,1.9918466592465163,0
5,10,10,4,0,4,3560,9.536682947625236,8.176031250849665,2.045625168286802,8.950707180785788,1
9,9,8,8,1,4,2112,7.400440787749895,3.424761003966145,6.546286365137312,4.539286724194476,1
1,5,3,8,1,5,1669,1.061168937275006,8.98697521677239,4.994703920265124,5.678071819571477,1
9,2,10,12,0,12,662,7.874708501801926,2.2357303762744394,2.6921414547666007,7.564772775297923,0
8,5,1,8,0,6,626,5.6267372868956675,4.027111540440238,6.878230599626699,10.894472123222888,1
6,4,9,11,1,6,63,8.014286533016078,6.280733070706086,2.3363486470475596,5.029053044051592,0
7,7,1,5,1,0,3414,5.702471280015296,1.9261457950780057,5.9887063526315725,9.399802682632336,1
3,6,3,5,0,13,2986,6.769223718718192,7.571171689987824,5.7443354346273825,3.2200774952958895,1
1,2,8,4,1,1,3946,8.076984898555363,4.485214433831275,7.60805021067475,8.375661491083363,0
5,5,3,8,1,11,918,4.64597249129071,8.0596509904756,1.4959867594660008,0.018953052934942427,1
2,7,4,9,1,8,1375,1.024373348384069,5.436066570261425,8.990856386661973,10.458086561887617,1
5,7,8,7,0,9,1181,8.649518463506695,2.627870719828027,7.326925535321376,0.36455495945355,1
8,5,1,6,1,1,1612,4.428013263621963,7.612856302198099,2.94513398513886,8.55304505715101,1
9,9,6,6,1,5,490,5.464384534149247,3.269295602550492,2.650648137487657,0.5550982711354067,1
2,4,1,5,1,10,3729,1.0698997793857186,5.417292711412386,4.884941927294051,3.1949483927280413,1
3,3,1,4,0,10,1878,5.428828093150882,1.6797994224121684,8.358087965901372,5.966428842678637,0
3,4,8,12,0,0,3534,9.878386614145565,6.56079988970833,8.586549938251963,5.039264224178858,1
1,5,4,3,1,2,3296,3.5044089473689266,6.992719895946495,5.684104829254448,2.302033375212127,1
8,6,1,2,0,1,1940,4.558764432181403,4.408067889755052,8.747297764180637,4.005778940510849,1
6,3,10,2,1,2,312,7.1847099682180895,9.589805022889665,1.0489933827252151,8.732476440731604,0
8,2,7,5,0,4,2662,8.333143007712927,8.867520293338615,1.3165716837843695,8.031085110955779,0
9,4,5,3,0,10,918,4.756524616054903,7.371468241659953,9.206394342730684,0.8617750051669884,0
5,5,5,11,1,9,1882,3.787019833611633,7.422868670443684,7.977987368973245,8.967789906874636,1
3,4,1,11,0,5,812,9.440432199865604,3.271615434479361,5.0563545242534715,0.6365505743643403,1
5,3,10,5,0,8,2987,7.094304700045023,6.9113370797960405,7.782491183301884,6.515116669197413,0
5,8,6,2,0,11,1489,2.0711917404382696,2.783856387119677,9.600755155510795,3.120752976506288,1
5,10,9,3,1,10,3159,1.6203509032118375,2.296029015278399,7.948805714931566,7.052281530717826,1
3,4,9,8,0,14,3954,5.351948657113321,9.995211047823222,8.581342004364899,3.135940751290822,0
10,2,8,4,0,14,1326,2.980810594425452,6.601383383258567,7.845459232510556,11.819495635509973,0
4,2,5,12,1,9,679,3.285862780386281,4.878890853914715,2.5138998319018744,3.7167382047303823,1
9,1,1,6,0,11,434,8.899229609450634,3.593480705955562,8.50216698681163,2.903527628093952,0
10,4,9,9,0,11,681,1.806094218846796,6.435283992960047,2.7559793802178905,3.341583490984152,0
9,10,1,1,0,12,1158,7.438277037060007,1.4463415739807752,9.033501952397323,10.757674287111545,1
2,9,8,4,0,3,1073,3.4402802804252923,1.8521289145431554,5.127849082729683,7.634625944032138,1
8,7,5,8,0,6,1455,7.84295399263724,1.295710279663567,7.092790770799256,8.768209169049317,1
8,10,3,10,1,5,2387,7.501702460171901,5.492528499363956,5.4751676309257915,11.016126121132205,2
7,7,7,2,1,1,2394,1.0665271129986373,6.405459662684643,1.8459183647494184,10.94246981814009,0
8,7,7,8,0,9,2693,5.582218716294392,1.5623178522203878,3.616500768585986,8.867350158944731,1
3,8,9,10,0,10,1370,2.2538753414024173,7.491020207490249,9.853586685973054,2.3738931460958748,1
6,1,7,5,0,10,648,8.796043275208092,3.07355564363108,9.646432765028356,10.120479848100066,0
1,10,3,3,1,10,244,8.84427294576166,7.166813083928795,3.8843820788999253,2.4453124102927646,1
7,10,1,6,1,14,2156,4.765112267443822,9.83707426031721,9.966671238207033,8.914785769181183,2
1,8,8,7,0,14,3896,4.999560566059725,7.219952830484661,8.609960759472097,8.227236798538492,1
9,4,3,5,0,7,3870,3.7295464546407437,8.948737476312477,6.4986354948902925,9.106666201685359,1
1,4,8,4,1,6,2580,7.449456690640279,9.533786560687606,1.3611215823490854,6.392228168565788,0
1,4,8,5,0,14,3161,4.227952267238132,5.38075943517084,9.113021465845415,7.6647141869906354,0
7,6,5,4,1,14,295,3.410132270703704,7.320924814777362,6.016863513378878,11.439840965211063,1
2,7,1,7,1,6,2159,4.890079535540574,8.667723282002576,8.816285360824926,1.2130631300905788,1
5,6,10,0,0,13,3884,1.8233876654871284,4.209480215869475,8.50986207915168,3.70616729737944,0
8,1,7,10,1,14,1612,7.719428841797835,3.352575849043554,8.497055936809776,7.3362841571805895,0
8,8,10,6,0,7,3248,1.1133676114460827,9.519387155005049,7.283564746434146,11.568649561577871,1
3,10,5,9,0,11,2390,6.800365553685346,7.536731503319362,3.6227362480844376,1.1468933719512138,2
7,7,8,9,0,11,3731,2.645780740793852,2.977139200382437,4.025442319700678,0.27059065836103713,1
3,6,9,10,0,12,2148,3.091636415929718,5.041750534085021,3.776222913244177,0.6689951816439361,1
6,6,7,1,0,13,3829,6.72068798776036,8.168065925840285,1.1804139957930824,0.6288682375343857,0
6,5,7,8,0,10,2676,9.936491192046164,5.923566918265979,6.243120182933301,10.893790293328852,1
3,6,1,0,1,0,1627,7.999457401652956,6.849568883493001,7.289503034014295,8.655094895205897,1
7,9,4,10,1,14,3472,3.032556690010528,7.7839138184054715,8.68479394172683,8.125276394355339,2
3,10,2,9,1,12,27,2.584222795370204,6.598082699280825,2.261488900444573,6.270873843141715,2
8,9,2,5,1,0,2984,8.796095832409033,5.860713897299762,5.897648340791216,9.383431403665822,1
10,10,2,8,0,7,1985,4.997655531293539,7.746528559489961,1.0720732660640457,1.8677759131390896,2
4,8,4,0,1,3,1560,2.2334752254533994,7.548067318889807,1.8558428293965652,4.703294277461248,1
1,10,1,3,1,4,57,8.759902809897444,6.66885160164861,1.4879056978539376,5.8800510091721225,1
4,9,4,3,1,7,1521,8.344831176228354,4.2381047204373665,7.529302306139383,1.324913972120715,1
7,10,2,8,0,4,296,9.855157275074472,4.652308829802444,1.7295360748984283,5.034164512050204,2
4,8,5,10,1,9,2181,9.187693180414156,9.733946939956876,7.44807683402911,3.7980213511514442,1
6,8,3,4,0,3,3402,8.666113047944876,2.0114733906237325,3.2466223396952505,0.42698574952155166,1
9,1,8,4,1,11,2296,1.4731695802990283,3.416544255275518,8.899416646272456,1.6408248327508228,0
1,10,4,5,0,5,3068,1.9397383254830622,5.431615832839022,8.318349895274327,9.168441878009661,1
5,5,1,0,0,12,2597,6.120848748737105,8.530567175294072,9.62047195727749,0.21645491405573347,1
7,4,1,0,1,14,901,5.783313216536388,2.4730809735675505,8.953858139122287,11.211039589156334,0
1,2,10,8,0,11,1964,5.12166893040582,3.492591563121489,9.399964772047126,1.037095589366849,0
4,8,3,2,0,4,1098,4.571103928731258,1.5921839601571508,8.72868156861977,9.590857130441497,1
6,3,9,3,1,13,1677,4.88089436377896,7.3538673944573665,7.240437105533698,10.783398491321648,0
2,4,7,0,1,6,2881,6.123681407213157,3.143884919280545,2.5323323691289237,11.293627018205365,0
10,7,2,8,1,13,1191,1.0186886584007309,4.498072756038554,3.4453676696868367,10.409724281951672,1
5,10,9,7,0,9,770,3.34637896719567,4.99331302326701,2.914542695172458,3.4506004731053186,1
10,9,10,1,0,6,1526,5.6645174861984,9.0218254204581,6.432272088923851,3.997045576061724,0
1,2,2,7,0,12,3956,7.499944888062816,4.701972612981131,5.532579441762413,5.1185483833209116,1
6,3,3,6,1,3,1378,2.5674102315585667,2.3070251792372414,8.803719974425814,1.67156027288521,0
6,4,10,10,0,11,1248,5.921930564086897,5.718834445061089,9.574055798491681,0.26726946080668634,0
4,10,2,5,0,12,3735,7.430137154972035,9.666621951837667,4.643739006563299,10.429459371372415,2
8,1,3,0,0,4,1554,5.001648921225142,6.469170769457299,5.557154979527311,6.6495445945254765,0
4,7,6,6,0,12,145,1.2437302030304593,9.850484984145153,9.743647211237253,7.304675306138596,1
8,2,9,9,0,2,1983,5.043413426190731,8.56996578044983,3.486150474608292,11.123861697813544,0
8,5,9,6,0,14,1264,3.668003989697378,1.3236918059207152,8.131516978229323,7.981442137363388,0
5,1,7,12,0,3,1907,9.366846469311955,6.925596358393377,3.0271591210172164,8.290242052077762,0
4,3,3,8,1,14,2940,2.1215204711049465,3.580901898020953,7.133141038827448,9.443623781240905,1
2,2,4,0,1,13,2391,6.8722835995650895,6.036551700802515,3.2825406487470774,1.3961813982888454,0
3,1,6,1,1,3,1772,1.4744778970105104,3.514106718381039,8.953600499482482,4.321945838565498,0
3,7,5,10,0,2,1058,5.015533940314269,4.139833749447614,6.053301493630091,11.618495132440396,1
4,5,2,8,0,12,2749,5.985815384980725,9.308518405787614,2.673402767869461,11.07516093720728,1
4,1,6,12,1,9,2048,3.681594381851789,2.8597886640253476,3.0193225812863744,10.608903555722218,0
10,6,3,8,0,4,2019,5.09568071968346,8.866982062232474,5.4446427613729025,5.4250621240676695,1
5,5,8,12,1,4,152,2.471984150771686,1.2741202726344714,9.65441823017391,10.28631544304167,1
4,3,2,5,0,10,2476,3.7371146452123254,1.8178888453268354,7.92677947495289,0.5807505833491873,0
10,7,1,5,0,6,507,6.589956924191827,8.692075372458373,5.394786785432606,1.7822090910854094,1
8,10,9,3,1,3,3197,3.7162005027503957,6.675004278182758,4.039472301059954,4.9676123818086495,1
6,9,3,3,1,12,490,9.097687705679846,7.725125242355952,5.943416440135984,5.8007048001855175,1
6,9,1,4,1,3,3553,6.655662618768908,2.8847590373966883,7.735247500857577,3.162085842250282,1
8,9,7,2,1,8,344,4.94784116592386,5.8337511003109315,8.0553572960752,4.27772005017345,1
7,2,10,0,1,5,1935,1.3488124199876421,7.634973012141743,3.9214791828725017,1.9533132123044252,0
10,3,5,0,0,14,1761,5.495935016842041,6.645827233092363,7.490433413924895,5.869608380590886,0
10,7,5,11,0,3,220,7.882986179125803,5.245288902020885,6.920099020325675,9.526119514414335,1
8,5,1,12,0,1,1938,3.3900183821117227,9.638054077939433,9.632010627966645,7.936324723935669,2
2,2,9,6,1,5,1942,8.260962126838905,7.085416001081008,9.379812614572133,1.2935069683864953,0
9,3,7,0,1,1,722,3.2662608944579334,9.16975720217114,8.104413930432194,5.8509792407605925,0
